text,label,subtype
the pizza place went crazy good 🤩,1,novel_emoji
ok the pizza place eats no crumbs,1,novel_slang
the pizza place is bussin fr 🔥,1,novel_emoji
the pizza place understood the assignment 👏,1,novel_emoji
"ate and left no crumbs, the pizza place",1,novel_slang
big W for the pizza place 🙌,1,novel_emoji
the pizza place lowkey saved my week 😭,1,novel_emoji
"the pizza place is peak, no notes",1,novel_slang
y'all the pizza place is unreal rn,1,novel_slang
the pizza place carried hard today ngl,1,novel_slang
shook at how good the pizza place was 😳,1,novel_emoji
the pizza place is chef's kiss 💯,1,novel_emoji
the pizza place = instant fave ✨,1,novel_emoji
the pizza place did NOT miss 🔥,1,novel_emoji
the pizza place lives rent free in my head 😍,1,novel_emoji
this headset went crazy good 🤩,1,novel_emoji
ok this headset eats no crumbs,1,novel_slang
this headset is bussin fr 🔥,1,novel_emoji
this headset understood the assignment 👏,1,novel_emoji
"ate and left no crumbs, this headset",1,novel_slang
big W for this headset 🙌,1,novel_emoji
this headset lowkey saved my week 😭,1,novel_emoji
"this headset is peak, no notes",1,novel_slang
y'all this headset is unreal rn,1,novel_slang
this headset carried hard today ngl,1,novel_slang
shook at how good this headset was 😳,1,novel_emoji
this headset is chef's kiss 💯,1,novel_emoji
this headset = instant fave ✨,1,novel_emoji
this headset did NOT miss 🔥,1,novel_emoji
this headset lives rent free in my head 😍,1,novel_emoji
the theme park went crazy good 🤩,1,novel_emoji
ok the theme park eats no crumbs,1,novel_slang
the theme park is bussin fr 🔥,1,novel_emoji
the theme park understood the assignment 👏,1,novel_emoji
"ate and left no crumbs, the theme park",1,novel_slang
big W for the theme park 🙌,1,novel_emoji
the theme park lowkey saved my week 😭,1,novel_emoji
"the theme park is peak, no notes",1,novel_slang
y'all the theme park is unreal rn,1,novel_slang
the theme park carried hard today ngl,1,novel_slang
shook at how good the theme park was 😳,1,novel_emoji
the theme park is chef's kiss 💯,1,novel_emoji
the theme park = instant fave ✨,1,novel_emoji
the theme park did NOT miss 🔥,1,novel_emoji
the theme park lives rent free in my head 😍,1,novel_emoji
this vacuum went crazy good 🤩,1,novel_emoji
ok this vacuum eats no crumbs,1,novel_slang
this vacuum is bussin fr 🔥,1,novel_emoji
this vacuum understood the assignment 👏,1,novel_emoji
"ate and left no crumbs, this vacuum",1,novel_slang
big W for this vacuum 🙌,1,novel_emoji
this vacuum lowkey saved my week 😭,1,novel_emoji
"this vacuum is peak, no notes",1,novel_slang
y'all this vacuum is unreal rn,1,novel_slang
this vacuum carried hard today ngl,1,novel_slang
shook at how good this vacuum was 😳,1,novel_emoji
this vacuum is chef's kiss 💯,1,novel_emoji
this vacuum = instant fave ✨,1,novel_emoji
this vacuum did NOT miss 🔥,1,novel_emoji
this vacuum lives rent free in my head 😍,1,novel_emoji
the sequel went crazy good 🤩,1,novel_emoji
ok the sequel eats no crumbs,1,novel_slang
the sequel is bussin fr 🔥,1,novel_emoji
the sequel understood the assignment 👏,1,novel_emoji
"ate and left no crumbs, the sequel",1,novel_slang
big W for the sequel 🙌,1,novel_emoji
the sequel lowkey saved my week 😭,1,novel_emoji
"the sequel is peak, no notes",1,novel_slang
y'all the sequel is unreal rn,1,novel_slang
the sequel carried hard today ngl,1,novel_slang
shook at how good the sequel was 😳,1,novel_emoji
the sequel is chef's kiss 💯,1,novel_emoji
the sequel = instant fave ✨,1,novel_emoji
the sequel did NOT miss 🔥,1,novel_emoji
the sequel lives rent free in my head 😍,1,novel_emoji
this keyboard went crazy good 🤩,1,novel_emoji
ok this keyboard eats no crumbs,1,novel_slang
this keyboard is bussin fr 🔥,1,novel_emoji
this keyboard understood the assignment 👏,1,novel_emoji
"ate and left no crumbs, this keyboard",1,novel_slang
big W for this keyboard 🙌,1,novel_emoji
this keyboard lowkey saved my week 😭,1,novel_emoji
"this keyboard is peak, no notes",1,novel_slang
y'all this keyboard is unreal rn,1,novel_slang
this keyboard carried hard today ngl,1,novel_slang
shook at how good this keyboard was 😳,1,novel_emoji
this keyboard is chef's kiss 💯,1,novel_emoji
this keyboard = instant fave ✨,1,novel_emoji
this keyboard did NOT miss 🔥,1,novel_emoji
this keyboard lives rent free in my head 😍,1,novel_emoji
the streaming service went crazy good 🤩,1,novel_emoji
ok the streaming service eats no crumbs,1,novel_slang
the streaming service is bussin fr 🔥,1,novel_emoji
the streaming service understood the assignment 👏,1,novel_emoji
"ate and left no crumbs, the streaming service",1,novel_slang
big W for the streaming service 🙌,1,novel_emoji
the streaming service lowkey saved my week 😭,1,novel_emoji
"the streaming service is peak, no notes",1,novel_slang
y'all the streaming service is unreal rn,1,novel_slang
the streaming service carried hard today ngl,1,novel_slang
shook at how good the streaming service was 😳,1,novel_emoji
the streaming service is chef's kiss 💯,1,novel_emoji
the streaming service = instant fave ✨,1,novel_emoji
the streaming service did NOT miss 🔥,1,novel_emoji
the streaming service lives rent free in my head 😍,1,novel_emoji
this sneaker brand went crazy good 🤩,1,novel_emoji
ok this sneaker brand eats no crumbs,1,novel_slang
this sneaker brand is bussin fr 🔥,1,novel_emoji
this sneaker brand understood the assignment 👏,1,novel_emoji
"ate and left no crumbs, this sneaker brand",1,novel_slang
big W for this sneaker brand 🙌,1,novel_emoji
this sneaker brand lowkey saved my week 😭,1,novel_emoji
"this sneaker brand is peak, no notes",1,novel_slang
y'all this sneaker brand is unreal rn,1,novel_slang
this sneaker brand carried hard today ngl,1,novel_slang
shook at how good this sneaker brand was 😳,1,novel_emoji
this sneaker brand is chef's kiss 💯,1,novel_emoji
this sneaker brand = instant fave ✨,1,novel_emoji
this sneaker brand did NOT miss 🔥,1,novel_emoji
this sneaker brand lives rent free in my head 😍,1,novel_emoji
the yoga class went crazy good 🤩,1,novel_emoji
ok the yoga class eats no crumbs,1,novel_slang
the yoga class is bussin fr 🔥,1,novel_emoji
the yoga class understood the assignment 👏,1,novel_emoji
"ate and left no crumbs, the yoga class",1,novel_slang
big W for the yoga class 🙌,1,novel_emoji
the yoga class lowkey saved my week 😭,1,novel_emoji
"the yoga class is peak, no notes",1,novel_slang
y'all the yoga class is unreal rn,1,novel_slang
the yoga class carried hard today ngl,1,novel_slang
shook at how good the yoga class was 😳,1,novel_emoji
the yoga class is chef's kiss 💯,1,novel_emoji
the yoga class = instant fave ✨,1,novel_emoji
the yoga class did NOT miss 🔥,1,novel_emoji
the yoga class lives rent free in my head 😍,1,novel_emoji
the ride share went crazy good 🤩,1,novel_emoji
ok the ride share eats no crumbs,1,novel_slang
the ride share is bussin fr 🔥,1,novel_emoji
the ride share understood the assignment 👏,1,novel_emoji
"ate and left no crumbs, the ride share",1,novel_slang
big W for the ride share 🙌,1,novel_emoji
the ride share lowkey saved my week 😭,1,novel_emoji
"the ride share is peak, no notes",1,novel_slang
y'all the ride share is unreal rn,1,novel_slang
the ride share carried hard today ngl,1,novel_slang
shook at how good the ride share was 😳,1,novel_emoji
the ride share is chef's kiss 💯,1,novel_emoji
the ride share = instant fave ✨,1,novel_emoji
the ride share did NOT miss 🔥,1,novel_emoji
the ride share lives rent free in my head 😍,1,novel_emoji
this tablet went crazy good 🤩,1,novel_emoji
ok this tablet eats no crumbs,1,novel_slang
this tablet is bussin fr 🔥,1,novel_emoji
this tablet understood the assignment 👏,1,novel_emoji
"ate and left no crumbs, this tablet",1,novel_slang
big W for this tablet 🙌,1,novel_emoji
this tablet lowkey saved my week 😭,1,novel_emoji
"this tablet is peak, no notes",1,novel_slang
y'all this tablet is unreal rn,1,novel_slang
this tablet carried hard today ngl,1,novel_slang
shook at how good this tablet was 😳,1,novel_emoji
this tablet is chef's kiss 💯,1,novel_emoji
this tablet = instant fave ✨,1,novel_emoji
this tablet did NOT miss 🔥,1,novel_emoji
this tablet lives rent free in my head 😍,1,novel_emoji
the food truck went crazy good 🤩,1,novel_emoji
ok the food truck eats no crumbs,1,novel_slang
the food truck is bussin fr 🔥,1,novel_emoji
the food truck understood the assignment 👏,1,novel_emoji
"ate and left no crumbs, the food truck",1,novel_slang
big W for the food truck 🙌,1,novel_emoji
the food truck lowkey saved my week 😭,1,novel_emoji
"the food truck is peak, no notes",1,novel_slang
y'all the food truck is unreal rn,1,novel_slang
the food truck carried hard today ngl,1,novel_slang
shook at how good the food truck was 😳,1,novel_emoji
the food truck is chef's kiss 💯,1,novel_emoji
the food truck = instant fave ✨,1,novel_emoji
the food truck did NOT miss 🔥,1,novel_emoji
the food truck lives rent free in my head 😍,1,novel_emoji
the online store went crazy good 🤩,1,novel_emoji
ok the online store eats no crumbs,1,novel_slang
the online store is bussin fr 🔥,1,novel_emoji
the online store understood the assignment 👏,1,novel_emoji
"ate and left no crumbs, the online store",1,novel_slang
big W for the online store 🙌,1,novel_emoji
the online store lowkey saved my week 😭,1,novel_emoji
"the online store is peak, no notes",1,novel_slang
y'all the online store is unreal rn,1,novel_slang
the online store carried hard today ngl,1,novel_slang
shook at how good the online store was 😳,1,novel_emoji
the online store is chef's kiss 💯,1,novel_emoji
the online store = instant fave ✨,1,novel_emoji
the online store did NOT miss 🔥,1,novel_emoji
the online store lives rent free in my head 😍,1,novel_emoji
this playlist went crazy good 🤩,1,novel_emoji
ok this playlist eats no crumbs,1,novel_slang
this playlist is bussin fr 🔥,1,novel_emoji
this playlist understood the assignment 👏,1,novel_emoji
"ate and left no crumbs, this playlist",1,novel_slang
big W for this playlist 🙌,1,novel_emoji
this playlist lowkey saved my week 😭,1,novel_emoji
"this playlist is peak, no notes",1,novel_slang
y'all this playlist is unreal rn,1,novel_slang
this playlist carried hard today ngl,1,novel_slang
shook at how good this playlist was 😳,1,novel_emoji
this playlist is chef's kiss 💯,1,novel_emoji
this playlist = instant fave ✨,1,novel_emoji
this playlist did NOT miss 🔥,1,novel_emoji
this playlist lives rent free in my head 😍,1,novel_emoji
the season finale went crazy good 🤩,1,novel_emoji
ok the season finale eats no crumbs,1,novel_slang
the season finale is bussin fr 🔥,1,novel_emoji
the season finale understood the assignment 👏,1,novel_emoji
"ate and left no crumbs, the season finale",1,novel_slang
big W for the season finale 🙌,1,novel_emoji
the season finale lowkey saved my week 😭,1,novel_emoji
"the season finale is peak, no notes",1,novel_slang
y'all the season finale is unreal rn,1,novel_slang
the season finale carried hard today ngl,1,novel_slang
shook at how good the season finale was 😳,1,novel_emoji
the season finale is chef's kiss 💯,1,novel_emoji
the season finale = instant fave ✨,1,novel_emoji
the season finale did NOT miss 🔥,1,novel_emoji
the season finale lives rent free in my head 😍,1,novel_emoji
this smartwatch went crazy good 🤩,1,novel_emoji
ok this smartwatch eats no crumbs,1,novel_slang
this smartwatch is bussin fr 🔥,1,novel_emoji
this smartwatch understood the assignment 👏,1,novel_emoji
"ate and left no crumbs, this smartwatch",1,novel_slang
big W for this smartwatch 🙌,1,novel_emoji
this smartwatch lowkey saved my week 😭,1,novel_emoji
"this smartwatch is peak, no notes",1,novel_slang
y'all this smartwatch is unreal rn,1,novel_slang
this smartwatch carried hard today ngl,1,novel_slang
shook at how good this smartwatch was 😳,1,novel_emoji
this smartwatch is chef's kiss 💯,1,novel_emoji
this smartwatch = instant fave ✨,1,novel_emoji
this smartwatch did NOT miss 🔥,1,novel_emoji
this smartwatch lives rent free in my head 😍,1,novel_emoji
the campsite went crazy good 🤩,1,novel_emoji
ok the campsite eats no crumbs,1,novel_slang
the campsite is bussin fr 🔥,1,novel_emoji
the campsite understood the assignment 👏,1,novel_emoji
"ate and left no crumbs, the campsite",1,novel_slang
big W for the campsite 🙌,1,novel_emoji
the campsite lowkey saved my week 😭,1,novel_emoji
"the campsite is peak, no notes",1,novel_slang
y'all the campsite is unreal rn,1,novel_slang
the campsite carried hard today ngl,1,novel_slang
shook at how good the campsite was 😳,1,novel_emoji
the campsite is chef's kiss 💯,1,novel_emoji
the campsite = instant fave ✨,1,novel_emoji
the campsite did NOT miss 🔥,1,novel_emoji
the campsite lives rent free in my head 😍,1,novel_emoji
the tutoring session went crazy good 🤩,1,novel_emoji
ok the tutoring session eats no crumbs,1,novel_slang
the tutoring session is bussin fr 🔥,1,novel_emoji
the tutoring session understood the assignment 👏,1,novel_emoji
"ate and left no crumbs, the tutoring session",1,novel_slang
big W for the tutoring session 🙌,1,novel_emoji
the tutoring session lowkey saved my week 😭,1,novel_emoji
"the tutoring session is peak, no notes",1,novel_slang
y'all the tutoring session is unreal rn,1,novel_slang
the tutoring session carried hard today ngl,1,novel_slang
shook at how good the tutoring session was 😳,1,novel_emoji
the tutoring session is chef's kiss 💯,1,novel_emoji
the tutoring session = instant fave ✨,1,novel_emoji
the tutoring session did NOT miss 🔥,1,novel_emoji
the tutoring session lives rent free in my head 😍,1,novel_emoji
this board game went crazy good 🤩,1,novel_emoji
ok this board game eats no crumbs,1,novel_slang
this board game is bussin fr 🔥,1,novel_emoji
this board game understood the assignment 👏,1,novel_emoji
"ate and left no crumbs, this board game",1,novel_slang
big W for this board game 🙌,1,novel_emoji
this board game lowkey saved my week 😭,1,novel_emoji
"this board game is peak, no notes",1,novel_slang
y'all this board game is unreal rn,1,novel_slang
this board game carried hard today ngl,1,novel_slang
shook at how good this board game was 😳,1,novel_emoji
this board game is chef's kiss 💯,1,novel_emoji
this board game = instant fave ✨,1,novel_emoji
this board game did NOT miss 🔥,1,novel_emoji
this board game lives rent free in my head 😍,1,novel_emoji
the check-in process went crazy good 🤩,1,novel_emoji
ok the check-in process eats no crumbs,1,novel_slang
the check-in process is bussin fr 🔥,1,novel_emoji
the check-in process understood the assignment 👏,1,novel_emoji
"ate and left no crumbs, the check-in process",1,novel_slang
big W for the check-in process 🙌,1,novel_emoji
the check-in process lowkey saved my week 😭,1,novel_emoji
"the check-in process is peak, no notes",1,novel_slang
y'all the check-in process is unreal rn,1,novel_slang
the check-in process carried hard today ngl,1,novel_slang
shook at how good the check-in process was 😳,1,novel_emoji
the check-in process is chef's kiss 💯,1,novel_emoji
the check-in process = instant fave ✨,1,novel_emoji
the check-in process did NOT miss 🔥,1,novel_emoji
the check-in process lives rent free in my head 😍,1,novel_emoji
the pizza place is cooked fr 💀,0,novel_emoji
the pizza place fumbled hard ngl,0,novel_slang
the pizza place is a big L 😩,0,novel_emoji
the pizza place ain't it chief,0,novel_slang
the pizza place was giving nothing 😑,0,novel_emoji
the pizza place is straight cringe,0,novel_slang
ick. just ick. the pizza place,0,novel_slang
the pizza place fell off badly 📉,0,novel_emoji
"the pizza place was a total dud, pass",0,novel_slang
the pizza place cost me my sanity 🙃,0,novel_emoji
"yikes on bikes, the pizza place",0,novel_slang
the pizza place gets zero stars from me 👎,0,novel_emoji
the pizza place is such a snooze fest tbh,0,novel_slang
"the pizza place is not it, dawg",0,novel_slang
the pizza place tanked my mood 😤,0,novel_emoji
this headset is cooked fr 💀,0,novel_emoji
this headset fumbled hard ngl,0,novel_slang
this headset is a big L 😩,0,novel_emoji
this headset ain't it chief,0,novel_slang
this headset was giving nothing 😑,0,novel_emoji
this headset is straight cringe,0,novel_slang
ick. just ick. this headset,0,novel_slang
this headset fell off badly 📉,0,novel_emoji
"this headset was a total dud, pass",0,novel_slang
this headset cost me my sanity 🙃,0,novel_emoji
"yikes on bikes, this headset",0,novel_slang
this headset gets zero stars from me 👎,0,novel_emoji
this headset is such a snooze fest tbh,0,novel_slang
"this headset is not it, dawg",0,novel_slang
this headset tanked my mood 😤,0,novel_emoji
the theme park is cooked fr 💀,0,novel_emoji
the theme park fumbled hard ngl,0,novel_slang
the theme park is a big L 😩,0,novel_emoji
the theme park ain't it chief,0,novel_slang
the theme park was giving nothing 😑,0,novel_emoji
the theme park is straight cringe,0,novel_slang
ick. just ick. the theme park,0,novel_slang
the theme park fell off badly 📉,0,novel_emoji
"the theme park was a total dud, pass",0,novel_slang
the theme park cost me my sanity 🙃,0,novel_emoji
"yikes on bikes, the theme park",0,novel_slang
the theme park gets zero stars from me 👎,0,novel_emoji
the theme park is such a snooze fest tbh,0,novel_slang
"the theme park is not it, dawg",0,novel_slang
the theme park tanked my mood 😤,0,novel_emoji
this vacuum is cooked fr 💀,0,novel_emoji
this vacuum fumbled hard ngl,0,novel_slang
this vacuum is a big L 😩,0,novel_emoji
this vacuum ain't it chief,0,novel_slang
this vacuum was giving nothing 😑,0,novel_emoji
this vacuum is straight cringe,0,novel_slang
ick. just ick. this vacuum,0,novel_slang
this vacuum fell off badly 📉,0,novel_emoji
"this vacuum was a total dud, pass",0,novel_slang
this vacuum cost me my sanity 🙃,0,novel_emoji
"yikes on bikes, this vacuum",0,novel_slang
this vacuum gets zero stars from me 👎,0,novel_emoji
this vacuum is such a snooze fest tbh,0,novel_slang
"this vacuum is not it, dawg",0,novel_slang
this vacuum tanked my mood 😤,0,novel_emoji
the sequel is cooked fr 💀,0,novel_emoji
the sequel fumbled hard ngl,0,novel_slang
the sequel is a big L 😩,0,novel_emoji
the sequel ain't it chief,0,novel_slang
the sequel was giving nothing 😑,0,novel_emoji
the sequel is straight cringe,0,novel_slang
ick. just ick. the sequel,0,novel_slang
the sequel fell off badly 📉,0,novel_emoji
"the sequel was a total dud, pass",0,novel_slang
the sequel cost me my sanity 🙃,0,novel_emoji
"yikes on bikes, the sequel",0,novel_slang
the sequel gets zero stars from me 👎,0,novel_emoji
the sequel is such a snooze fest tbh,0,novel_slang
"the sequel is not it, dawg",0,novel_slang
the sequel tanked my mood 😤,0,novel_emoji
this keyboard is cooked fr 💀,0,novel_emoji
this keyboard fumbled hard ngl,0,novel_slang
this keyboard is a big L 😩,0,novel_emoji
this keyboard ain't it chief,0,novel_slang
this keyboard was giving nothing 😑,0,novel_emoji
this keyboard is straight cringe,0,novel_slang
ick. just ick. this keyboard,0,novel_slang
this keyboard fell off badly 📉,0,novel_emoji
"this keyboard was a total dud, pass",0,novel_slang
this keyboard cost me my sanity 🙃,0,novel_emoji
"yikes on bikes, this keyboard",0,novel_slang
this keyboard gets zero stars from me 👎,0,novel_emoji
this keyboard is such a snooze fest tbh,0,novel_slang
"this keyboard is not it, dawg",0,novel_slang
this keyboard tanked my mood 😤,0,novel_emoji
the streaming service is cooked fr 💀,0,novel_emoji
the streaming service fumbled hard ngl,0,novel_slang
the streaming service is a big L 😩,0,novel_emoji
the streaming service ain't it chief,0,novel_slang
the streaming service was giving nothing 😑,0,novel_emoji
the streaming service is straight cringe,0,novel_slang
ick. just ick. the streaming service,0,novel_slang
the streaming service fell off badly 📉,0,novel_emoji
"the streaming service was a total dud, pass",0,novel_slang
the streaming service cost me my sanity 🙃,0,novel_emoji
"yikes on bikes, the streaming service",0,novel_slang
the streaming service gets zero stars from me 👎,0,novel_emoji
the streaming service is such a snooze fest tbh,0,novel_slang
"the streaming service is not it, dawg",0,novel_slang
the streaming service tanked my mood 😤,0,novel_emoji
this sneaker brand is cooked fr 💀,0,novel_emoji
this sneaker brand fumbled hard ngl,0,novel_slang
this sneaker brand is a big L 😩,0,novel_emoji
this sneaker brand ain't it chief,0,novel_slang
this sneaker brand was giving nothing 😑,0,novel_emoji
this sneaker brand is straight cringe,0,novel_slang
ick. just ick. this sneaker brand,0,novel_slang
this sneaker brand fell off badly 📉,0,novel_emoji
"this sneaker brand was a total dud, pass",0,novel_slang
this sneaker brand cost me my sanity 🙃,0,novel_emoji
"yikes on bikes, this sneaker brand",0,novel_slang
this sneaker brand gets zero stars from me 👎,0,novel_emoji
this sneaker brand is such a snooze fest tbh,0,novel_slang
"this sneaker brand is not it, dawg",0,novel_slang
this sneaker brand tanked my mood 😤,0,novel_emoji
the yoga class is cooked fr 💀,0,novel_emoji
the yoga class fumbled hard ngl,0,novel_slang
the yoga class is a big L 😩,0,novel_emoji
the yoga class ain't it chief,0,novel_slang
the yoga class was giving nothing 😑,0,novel_emoji
the yoga class is straight cringe,0,novel_slang
ick. just ick. the yoga class,0,novel_slang
the yoga class fell off badly 📉,0,novel_emoji
"the yoga class was a total dud, pass",0,novel_slang
the yoga class cost me my sanity 🙃,0,novel_emoji
"yikes on bikes, the yoga class",0,novel_slang
the yoga class gets zero stars from me 👎,0,novel_emoji
the yoga class is such a snooze fest tbh,0,novel_slang
"the yoga class is not it, dawg",0,novel_slang
the yoga class tanked my mood 😤,0,novel_emoji
the ride share is cooked fr 💀,0,novel_emoji
the ride share fumbled hard ngl,0,novel_slang
the ride share is a big L 😩,0,novel_emoji
the ride share ain't it chief,0,novel_slang
the ride share was giving nothing 😑,0,novel_emoji
the ride share is straight cringe,0,novel_slang
ick. just ick. the ride share,0,novel_slang
the ride share fell off badly 📉,0,novel_emoji
"the ride share was a total dud, pass",0,novel_slang
the ride share cost me my sanity 🙃,0,novel_emoji
"yikes on bikes, the ride share",0,novel_slang
the ride share gets zero stars from me 👎,0,novel_emoji
the ride share is such a snooze fest tbh,0,novel_slang
"the ride share is not it, dawg",0,novel_slang
the ride share tanked my mood 😤,0,novel_emoji
this tablet is cooked fr 💀,0,novel_emoji
this tablet fumbled hard ngl,0,novel_slang
this tablet is a big L 😩,0,novel_emoji
this tablet ain't it chief,0,novel_slang
this tablet was giving nothing 😑,0,novel_emoji
this tablet is straight cringe,0,novel_slang
ick. just ick. this tablet,0,novel_slang
this tablet fell off badly 📉,0,novel_emoji
"this tablet was a total dud, pass",0,novel_slang
this tablet cost me my sanity 🙃,0,novel_emoji
"yikes on bikes, this tablet",0,novel_slang
this tablet gets zero stars from me 👎,0,novel_emoji
this tablet is such a snooze fest tbh,0,novel_slang
"this tablet is not it, dawg",0,novel_slang
this tablet tanked my mood 😤,0,novel_emoji
the food truck is cooked fr 💀,0,novel_emoji
the food truck fumbled hard ngl,0,novel_slang
the food truck is a big L 😩,0,novel_emoji
the food truck ain't it chief,0,novel_slang
the food truck was giving nothing 😑,0,novel_emoji
the food truck is straight cringe,0,novel_slang
ick. just ick. the food truck,0,novel_slang
the food truck fell off badly 📉,0,novel_emoji
"the food truck was a total dud, pass",0,novel_slang
the food truck cost me my sanity 🙃,0,novel_emoji
"yikes on bikes, the food truck",0,novel_slang
the food truck gets zero stars from me 👎,0,novel_emoji
the food truck is such a snooze fest tbh,0,novel_slang
"the food truck is not it, dawg",0,novel_slang
the food truck tanked my mood 😤,0,novel_emoji
the online store is cooked fr 💀,0,novel_emoji
the online store fumbled hard ngl,0,novel_slang
the online store is a big L 😩,0,novel_emoji
the online store ain't it chief,0,novel_slang
the online store was giving nothing 😑,0,novel_emoji
the online store is straight cringe,0,novel_slang
ick. just ick. the online store,0,novel_slang
the online store fell off badly 📉,0,novel_emoji
"the online store was a total dud, pass",0,novel_slang
the online store cost me my sanity 🙃,0,novel_emoji
"yikes on bikes, the online store",0,novel_slang
the online store gets zero stars from me 👎,0,novel_emoji
the online store is such a snooze fest tbh,0,novel_slang
"the online store is not it, dawg",0,novel_slang
the online store tanked my mood 😤,0,novel_emoji
this playlist is cooked fr 💀,0,novel_emoji
this playlist fumbled hard ngl,0,novel_slang
this playlist is a big L 😩,0,novel_emoji
this playlist ain't it chief,0,novel_slang
this playlist was giving nothing 😑,0,novel_emoji
this playlist is straight cringe,0,novel_slang
ick. just ick. this playlist,0,novel_slang
this playlist fell off badly 📉,0,novel_emoji
"this playlist was a total dud, pass",0,novel_slang
this playlist cost me my sanity 🙃,0,novel_emoji
"yikes on bikes, this playlist",0,novel_slang
this playlist gets zero stars from me 👎,0,novel_emoji
this playlist is such a snooze fest tbh,0,novel_slang
"this playlist is not it, dawg",0,novel_slang
this playlist tanked my mood 😤,0,novel_emoji
the season finale is cooked fr 💀,0,novel_emoji
the season finale fumbled hard ngl,0,novel_slang
the season finale is a big L 😩,0,novel_emoji
the season finale ain't it chief,0,novel_slang
the season finale was giving nothing 😑,0,novel_emoji
the season finale is straight cringe,0,novel_slang
ick. just ick. the season finale,0,novel_slang
the season finale fell off badly 📉,0,novel_emoji
"the season finale was a total dud, pass",0,novel_slang
the season finale cost me my sanity 🙃,0,novel_emoji
"yikes on bikes, the season finale",0,novel_slang
the season finale gets zero stars from me 👎,0,novel_emoji
the season finale is such a snooze fest tbh,0,novel_slang
"the season finale is not it, dawg",0,novel_slang
the season finale tanked my mood 😤,0,novel_emoji
this smartwatch is cooked fr 💀,0,novel_emoji
this smartwatch fumbled hard ngl,0,novel_slang
this smartwatch is a big L 😩,0,novel_emoji
this smartwatch ain't it chief,0,novel_slang
this smartwatch was giving nothing 😑,0,novel_emoji
this smartwatch is straight cringe,0,novel_slang
ick. just ick. this smartwatch,0,novel_slang
this smartwatch fell off badly 📉,0,novel_emoji
"this smartwatch was a total dud, pass",0,novel_slang
this smartwatch cost me my sanity 🙃,0,novel_emoji
"yikes on bikes, this smartwatch",0,novel_slang
this smartwatch gets zero stars from me 👎,0,novel_emoji
this smartwatch is such a snooze fest tbh,0,novel_slang
"this smartwatch is not it, dawg",0,novel_slang
this smartwatch tanked my mood 😤,0,novel_emoji
the campsite is cooked fr 💀,0,novel_emoji
the campsite fumbled hard ngl,0,novel_slang
the campsite is a big L 😩,0,novel_emoji
the campsite ain't it chief,0,novel_slang
the campsite was giving nothing 😑,0,novel_emoji
the campsite is straight cringe,0,novel_slang
ick. just ick. the campsite,0,novel_slang
the campsite fell off badly 📉,0,novel_emoji
"the campsite was a total dud, pass",0,novel_slang
the campsite cost me my sanity 🙃,0,novel_emoji
"yikes on bikes, the campsite",0,novel_slang
the campsite gets zero stars from me 👎,0,novel_emoji
the campsite is such a snooze fest tbh,0,novel_slang
"the campsite is not it, dawg",0,novel_slang
the campsite tanked my mood 😤,0,novel_emoji
the tutoring session is cooked fr 💀,0,novel_emoji
the tutoring session fumbled hard ngl,0,novel_slang
the tutoring session is a big L 😩,0,novel_emoji
the tutoring session ain't it chief,0,novel_slang
the tutoring session was giving nothing 😑,0,novel_emoji
the tutoring session is straight cringe,0,novel_slang
ick. just ick. the tutoring session,0,novel_slang
the tutoring session fell off badly 📉,0,novel_emoji
"the tutoring session was a total dud, pass",0,novel_slang
the tutoring session cost me my sanity 🙃,0,novel_emoji
"yikes on bikes, the tutoring session",0,novel_slang
the tutoring session gets zero stars from me 👎,0,novel_emoji
the tutoring session is such a snooze fest tbh,0,novel_slang
"the tutoring session is not it, dawg",0,novel_slang
the tutoring session tanked my mood 😤,0,novel_emoji
this board game is cooked fr 💀,0,novel_emoji
this board game fumbled hard ngl,0,novel_slang
this board game is a big L 😩,0,novel_emoji
this board game ain't it chief,0,novel_slang
this board game was giving nothing 😑,0,novel_emoji
this board game is straight cringe,0,novel_slang
ick. just ick. this board game,0,novel_slang
this board game fell off badly 📉,0,novel_emoji
"this board game was a total dud, pass",0,novel_slang
this board game cost me my sanity 🙃,0,novel_emoji
"yikes on bikes, this board game",0,novel_slang
this board game gets zero stars from me 👎,0,novel_emoji
this board game is such a snooze fest tbh,0,novel_slang
"this board game is not it, dawg",0,novel_slang
this board game tanked my mood 😤,0,novel_emoji
the check-in process is cooked fr 💀,0,novel_emoji
the check-in process fumbled hard ngl,0,novel_slang
the check-in process is a big L 😩,0,novel_emoji
the check-in process ain't it chief,0,novel_slang
the check-in process was giving nothing 😑,0,novel_emoji
the check-in process is straight cringe,0,novel_slang
ick. just ick. the check-in process,0,novel_slang
the check-in process fell off badly 📉,0,novel_emoji
"the check-in process was a total dud, pass",0,novel_slang
the check-in process cost me my sanity 🙃,0,novel_emoji
"yikes on bikes, the check-in process",0,novel_slang
the check-in process gets zero stars from me 👎,0,novel_emoji
the check-in process is such a snooze fest tbh,0,novel_slang
"the check-in process is not it, dawg",0,novel_slang
the check-in process tanked my mood 😤,0,novel_emoji
"thanks the pizza place, exactly the disaster I needed",0,held_out_sarcasm
"the pizza place broke in five minutes, what a masterpiece",0,held_out_sarcasm
nothing says quality like the pizza place dying on day one,0,held_out_sarcasm
"five stars if you enjoy pain, the pizza place",0,held_out_sarcasm
the pizza place was so good I almost fell asleep,0,held_out_sarcasm
"bravo the pizza place, you ruined it again",0,held_out_sarcasm
love how the pizza place just gave up on me,0,held_out_sarcasm
"the pizza place totally lived up to the hype, if the hype was zero",0,held_out_sarcasm
"thanks this headset, exactly the disaster I needed",0,held_out_sarcasm
"this headset broke in five minutes, what a masterpiece",0,held_out_sarcasm
nothing says quality like this headset dying on day one,0,held_out_sarcasm
"five stars if you enjoy pain, this headset",0,held_out_sarcasm
this headset was so good I almost fell asleep,0,held_out_sarcasm
"bravo this headset, you ruined it again",0,held_out_sarcasm
love how this headset just gave up on me,0,held_out_sarcasm
"this headset totally lived up to the hype, if the hype was zero",0,held_out_sarcasm
"thanks the theme park, exactly the disaster I needed",0,held_out_sarcasm
"the theme park broke in five minutes, what a masterpiece",0,held_out_sarcasm
nothing says quality like the theme park dying on day one,0,held_out_sarcasm
"five stars if you enjoy pain, the theme park",0,held_out_sarcasm
the theme park was so good I almost fell asleep,0,held_out_sarcasm
"bravo the theme park, you ruined it again",0,held_out_sarcasm
love how the theme park just gave up on me,0,held_out_sarcasm
"the theme park totally lived up to the hype, if the hype was zero",0,held_out_sarcasm
"thanks this vacuum, exactly the disaster I needed",0,held_out_sarcasm
"this vacuum broke in five minutes, what a masterpiece",0,held_out_sarcasm
nothing says quality like this vacuum dying on day one,0,held_out_sarcasm
"five stars if you enjoy pain, this vacuum",0,held_out_sarcasm
this vacuum was so good I almost fell asleep,0,held_out_sarcasm
"bravo this vacuum, you ruined it again",0,held_out_sarcasm
love how this vacuum just gave up on me,0,held_out_sarcasm
"this vacuum totally lived up to the hype, if the hype was zero",0,held_out_sarcasm
"thanks the sequel, exactly the disaster I needed",0,held_out_sarcasm
"the sequel broke in five minutes, what a masterpiece",0,held_out_sarcasm
nothing says quality like the sequel dying on day one,0,held_out_sarcasm
"five stars if you enjoy pain, the sequel",0,held_out_sarcasm
the sequel was so good I almost fell asleep,0,held_out_sarcasm
"bravo the sequel, you ruined it again",0,held_out_sarcasm
love how the sequel just gave up on me,0,held_out_sarcasm
"the sequel totally lived up to the hype, if the hype was zero",0,held_out_sarcasm
"thanks this keyboard, exactly the disaster I needed",0,held_out_sarcasm
"this keyboard broke in five minutes, what a masterpiece",0,held_out_sarcasm
nothing says quality like this keyboard dying on day one,0,held_out_sarcasm
"five stars if you enjoy pain, this keyboard",0,held_out_sarcasm
this keyboard was so good I almost fell asleep,0,held_out_sarcasm
"bravo this keyboard, you ruined it again",0,held_out_sarcasm
love how this keyboard just gave up on me,0,held_out_sarcasm
"this keyboard totally lived up to the hype, if the hype was zero",0,held_out_sarcasm
"thanks the streaming service, exactly the disaster I needed",0,held_out_sarcasm
"the streaming service broke in five minutes, what a masterpiece",0,held_out_sarcasm
nothing says quality like the streaming service dying on day one,0,held_out_sarcasm
"five stars if you enjoy pain, the streaming service",0,held_out_sarcasm
the streaming service was so good I almost fell asleep,0,held_out_sarcasm
"bravo the streaming service, you ruined it again",0,held_out_sarcasm
love how the streaming service just gave up on me,0,held_out_sarcasm
"the streaming service totally lived up to the hype, if the hype was zero",0,held_out_sarcasm
"thanks this sneaker brand, exactly the disaster I needed",0,held_out_sarcasm
"this sneaker brand broke in five minutes, what a masterpiece",0,held_out_sarcasm
nothing says quality like this sneaker brand dying on day one,0,held_out_sarcasm
"five stars if you enjoy pain, this sneaker brand",0,held_out_sarcasm
this sneaker brand was so good I almost fell asleep,0,held_out_sarcasm
"bravo this sneaker brand, you ruined it again",0,held_out_sarcasm
love how this sneaker brand just gave up on me,0,held_out_sarcasm
"this sneaker brand totally lived up to the hype, if the hype was zero",0,held_out_sarcasm
"thanks the yoga class, exactly the disaster I needed",0,held_out_sarcasm
"the yoga class broke in five minutes, what a masterpiece",0,held_out_sarcasm
nothing says quality like the yoga class dying on day one,0,held_out_sarcasm
"five stars if you enjoy pain, the yoga class",0,held_out_sarcasm
the yoga class was so good I almost fell asleep,0,held_out_sarcasm
"bravo the yoga class, you ruined it again",0,held_out_sarcasm
love how the yoga class just gave up on me,0,held_out_sarcasm
"the yoga class totally lived up to the hype, if the hype was zero",0,held_out_sarcasm
"thanks the ride share, exactly the disaster I needed",0,held_out_sarcasm
"the ride share broke in five minutes, what a masterpiece",0,held_out_sarcasm
nothing says quality like the ride share dying on day one,0,held_out_sarcasm
"five stars if you enjoy pain, the ride share",0,held_out_sarcasm
the ride share was so good I almost fell asleep,0,held_out_sarcasm
"bravo the ride share, you ruined it again",0,held_out_sarcasm
love how the ride share just gave up on me,0,held_out_sarcasm
"the ride share totally lived up to the hype, if the hype was zero",0,held_out_sarcasm
"thanks this tablet, exactly the disaster I needed",0,held_out_sarcasm
"this tablet broke in five minutes, what a masterpiece",0,held_out_sarcasm
nothing says quality like this tablet dying on day one,0,held_out_sarcasm
"five stars if you enjoy pain, this tablet",0,held_out_sarcasm
this tablet was so good I almost fell asleep,0,held_out_sarcasm
"bravo this tablet, you ruined it again",0,held_out_sarcasm
love how this tablet just gave up on me,0,held_out_sarcasm
"this tablet totally lived up to the hype, if the hype was zero",0,held_out_sarcasm
"thanks the food truck, exactly the disaster I needed",0,held_out_sarcasm
"the food truck broke in five minutes, what a masterpiece",0,held_out_sarcasm
nothing says quality like the food truck dying on day one,0,held_out_sarcasm
"five stars if you enjoy pain, the food truck",0,held_out_sarcasm
the food truck was so good I almost fell asleep,0,held_out_sarcasm
"bravo the food truck, you ruined it again",0,held_out_sarcasm
love how the food truck just gave up on me,0,held_out_sarcasm
"the food truck totally lived up to the hype, if the hype was zero",0,held_out_sarcasm
"thanks the online store, exactly the disaster I needed",0,held_out_sarcasm
"the online store broke in five minutes, what a masterpiece",0,held_out_sarcasm
nothing says quality like the online store dying on day one,0,held_out_sarcasm
"five stars if you enjoy pain, the online store",0,held_out_sarcasm
the online store was so good I almost fell asleep,0,held_out_sarcasm
"bravo the online store, you ruined it again",0,held_out_sarcasm
love how the online store just gave up on me,0,held_out_sarcasm
"the online store totally lived up to the hype, if the hype was zero",0,held_out_sarcasm
"thanks this playlist, exactly the disaster I needed",0,held_out_sarcasm
"this playlist broke in five minutes, what a masterpiece",0,held_out_sarcasm
nothing says quality like this playlist dying on day one,0,held_out_sarcasm
"five stars if you enjoy pain, this playlist",0,held_out_sarcasm
this playlist was so good I almost fell asleep,0,held_out_sarcasm
"bravo this playlist, you ruined it again",0,held_out_sarcasm
love how this playlist just gave up on me,0,held_out_sarcasm
"this playlist totally lived up to the hype, if the hype was zero",0,held_out_sarcasm
"thanks the season finale, exactly the disaster I needed",0,held_out_sarcasm
"the season finale broke in five minutes, what a masterpiece",0,held_out_sarcasm
nothing says quality like the season finale dying on day one,0,held_out_sarcasm
"five stars if you enjoy pain, the season finale",0,held_out_sarcasm
the season finale was so good I almost fell asleep,0,held_out_sarcasm
"bravo the season finale, you ruined it again",0,held_out_sarcasm
love how the season finale just gave up on me,0,held_out_sarcasm
"the season finale totally lived up to the hype, if the hype was zero",0,held_out_sarcasm
"thanks this smartwatch, exactly the disaster I needed",0,held_out_sarcasm
"this smartwatch broke in five minutes, what a masterpiece",0,held_out_sarcasm
nothing says quality like this smartwatch dying on day one,0,held_out_sarcasm
"five stars if you enjoy pain, this smartwatch",0,held_out_sarcasm
this smartwatch was so good I almost fell asleep,0,held_out_sarcasm
"bravo this smartwatch, you ruined it again",0,held_out_sarcasm
love how this smartwatch just gave up on me,0,held_out_sarcasm
"this smartwatch totally lived up to the hype, if the hype was zero",0,held_out_sarcasm
"thanks the campsite, exactly the disaster I needed",0,held_out_sarcasm
"the campsite broke in five minutes, what a masterpiece",0,held_out_sarcasm
nothing says quality like the campsite dying on day one,0,held_out_sarcasm
"five stars if you enjoy pain, the campsite",0,held_out_sarcasm
the campsite was so good I almost fell asleep,0,held_out_sarcasm
"bravo the campsite, you ruined it again",0,held_out_sarcasm
love how the campsite just gave up on me,0,held_out_sarcasm
"the campsite totally lived up to the hype, if the hype was zero",0,held_out_sarcasm
"thanks the tutoring session, exactly the disaster I needed",0,held_out_sarcasm
"the tutoring session broke in five minutes, what a masterpiece",0,held_out_sarcasm
nothing says quality like the tutoring session dying on day one,0,held_out_sarcasm
"five stars if you enjoy pain, the tutoring session",0,held_out_sarcasm
the tutoring session was so good I almost fell asleep,0,held_out_sarcasm
"bravo the tutoring session, you ruined it again",0,held_out_sarcasm
love how the tutoring session just gave up on me,0,held_out_sarcasm
"the tutoring session totally lived up to the hype, if the hype was zero",0,held_out_sarcasm
"thanks this board game, exactly the disaster I needed",0,held_out_sarcasm
"this board game broke in five minutes, what a masterpiece",0,held_out_sarcasm
nothing says quality like this board game dying on day one,0,held_out_sarcasm
"five stars if you enjoy pain, this board game",0,held_out_sarcasm
this board game was so good I almost fell asleep,0,held_out_sarcasm
"bravo this board game, you ruined it again",0,held_out_sarcasm
love how this board game just gave up on me,0,held_out_sarcasm
"this board game totally lived up to the hype, if the hype was zero",0,held_out_sarcasm
"thanks the check-in process, exactly the disaster I needed",0,held_out_sarcasm
"the check-in process broke in five minutes, what a masterpiece",0,held_out_sarcasm
nothing says quality like the check-in process dying on day one,0,held_out_sarcasm
"five stars if you enjoy pain, the check-in process",0,held_out_sarcasm
the check-in process was so good I almost fell asleep,0,held_out_sarcasm
"bravo the check-in process, you ruined it again",0,held_out_sarcasm
love how the check-in process just gave up on me,0,held_out_sarcasm
"the check-in process totally lived up to the hype, if the hype was zero",0,held_out_sarcasm
expected a mess but the pizza place was weirdly great,1,held_out_sarcasm
"thought the pizza place would flop, I was so wrong",1,held_out_sarcasm
grudgingly admitting the pizza place is good,1,held_out_sarcasm
"against all odds, the pizza place rocked",1,held_out_sarcasm
"fine, the pizza place won me over, happy now?",1,held_out_sarcasm
did not expect to love the pizza place but here we are,1,held_out_sarcasm
expected a mess but this headset was weirdly great,1,held_out_sarcasm
"thought this headset would flop, I was so wrong",1,held_out_sarcasm
grudgingly admitting this headset is good,1,held_out_sarcasm
"against all odds, this headset rocked",1,held_out_sarcasm
"fine, this headset won me over, happy now?",1,held_out_sarcasm
did not expect to love this headset but here we are,1,held_out_sarcasm
expected a mess but the theme park was weirdly great,1,held_out_sarcasm
"thought the theme park would flop, I was so wrong",1,held_out_sarcasm
grudgingly admitting the theme park is good,1,held_out_sarcasm
"against all odds, the theme park rocked",1,held_out_sarcasm
"fine, the theme park won me over, happy now?",1,held_out_sarcasm
did not expect to love the theme park but here we are,1,held_out_sarcasm
expected a mess but this vacuum was weirdly great,1,held_out_sarcasm
"thought this vacuum would flop, I was so wrong",1,held_out_sarcasm
grudgingly admitting this vacuum is good,1,held_out_sarcasm
"against all odds, this vacuum rocked",1,held_out_sarcasm
"fine, this vacuum won me over, happy now?",1,held_out_sarcasm
did not expect to love this vacuum but here we are,1,held_out_sarcasm
expected a mess but the sequel was weirdly great,1,held_out_sarcasm
"thought the sequel would flop, I was so wrong",1,held_out_sarcasm
grudgingly admitting the sequel is good,1,held_out_sarcasm
"against all odds, the sequel rocked",1,held_out_sarcasm
"fine, the sequel won me over, happy now?",1,held_out_sarcasm
did not expect to love the sequel but here we are,1,held_out_sarcasm
expected a mess but this keyboard was weirdly great,1,held_out_sarcasm
"thought this keyboard would flop, I was so wrong",1,held_out_sarcasm
grudgingly admitting this keyboard is good,1,held_out_sarcasm
"against all odds, this keyboard rocked",1,held_out_sarcasm
"fine, this keyboard won me over, happy now?",1,held_out_sarcasm
did not expect to love this keyboard but here we are,1,held_out_sarcasm
expected a mess but the streaming service was weirdly great,1,held_out_sarcasm
"thought the streaming service would flop, I was so wrong",1,held_out_sarcasm
grudgingly admitting the streaming service is good,1,held_out_sarcasm
"against all odds, the streaming service rocked",1,held_out_sarcasm
"fine, the streaming service won me over, happy now?",1,held_out_sarcasm
did not expect to love the streaming service but here we are,1,held_out_sarcasm
expected a mess but this sneaker brand was weirdly great,1,held_out_sarcasm
"thought this sneaker brand would flop, I was so wrong",1,held_out_sarcasm
grudgingly admitting this sneaker brand is good,1,held_out_sarcasm
"against all odds, this sneaker brand rocked",1,held_out_sarcasm
"fine, this sneaker brand won me over, happy now?",1,held_out_sarcasm
did not expect to love this sneaker brand but here we are,1,held_out_sarcasm
expected a mess but the yoga class was weirdly great,1,held_out_sarcasm
"thought the yoga class would flop, I was so wrong",1,held_out_sarcasm
grudgingly admitting the yoga class is good,1,held_out_sarcasm
"against all odds, the yoga class rocked",1,held_out_sarcasm
"fine, the yoga class won me over, happy now?",1,held_out_sarcasm
did not expect to love the yoga class but here we are,1,held_out_sarcasm
expected a mess but the ride share was weirdly great,1,held_out_sarcasm
"thought the ride share would flop, I was so wrong",1,held_out_sarcasm
grudgingly admitting the ride share is good,1,held_out_sarcasm
"against all odds, the ride share rocked",1,held_out_sarcasm
"fine, the ride share won me over, happy now?",1,held_out_sarcasm
did not expect to love the ride share but here we are,1,held_out_sarcasm
expected a mess but this tablet was weirdly great,1,held_out_sarcasm
"thought this tablet would flop, I was so wrong",1,held_out_sarcasm
grudgingly admitting this tablet is good,1,held_out_sarcasm
"against all odds, this tablet rocked",1,held_out_sarcasm
"fine, this tablet won me over, happy now?",1,held_out_sarcasm
did not expect to love this tablet but here we are,1,held_out_sarcasm
expected a mess but the food truck was weirdly great,1,held_out_sarcasm
"thought the food truck would flop, I was so wrong",1,held_out_sarcasm
grudgingly admitting the food truck is good,1,held_out_sarcasm
"against all odds, the food truck rocked",1,held_out_sarcasm
"fine, the food truck won me over, happy now?",1,held_out_sarcasm
did not expect to love the food truck but here we are,1,held_out_sarcasm
expected a mess but the online store was weirdly great,1,held_out_sarcasm
"thought the online store would flop, I was so wrong",1,held_out_sarcasm
grudgingly admitting the online store is good,1,held_out_sarcasm
"against all odds, the online store rocked",1,held_out_sarcasm
"fine, the online store won me over, happy now?",1,held_out_sarcasm
did not expect to love the online store but here we are,1,held_out_sarcasm
expected a mess but this playlist was weirdly great,1,held_out_sarcasm
"thought this playlist would flop, I was so wrong",1,held_out_sarcasm
grudgingly admitting this playlist is good,1,held_out_sarcasm
"against all odds, this playlist rocked",1,held_out_sarcasm
"fine, this playlist won me over, happy now?",1,held_out_sarcasm
did not expect to love this playlist but here we are,1,held_out_sarcasm
expected a mess but the season finale was weirdly great,1,held_out_sarcasm
"thought the season finale would flop, I was so wrong",1,held_out_sarcasm
grudgingly admitting the season finale is good,1,held_out_sarcasm
"against all odds, the season finale rocked",1,held_out_sarcasm
"fine, the season finale won me over, happy now?",1,held_out_sarcasm
did not expect to love the season finale but here we are,1,held_out_sarcasm
expected a mess but this smartwatch was weirdly great,1,held_out_sarcasm
"thought this smartwatch would flop, I was so wrong",1,held_out_sarcasm
grudgingly admitting this smartwatch is good,1,held_out_sarcasm
"against all odds, this smartwatch rocked",1,held_out_sarcasm
"fine, this smartwatch won me over, happy now?",1,held_out_sarcasm
did not expect to love this smartwatch but here we are,1,held_out_sarcasm
expected a mess but the campsite was weirdly great,1,held_out_sarcasm
"thought the campsite would flop, I was so wrong",1,held_out_sarcasm
grudgingly admitting the campsite is good,1,held_out_sarcasm
"against all odds, the campsite rocked",1,held_out_sarcasm
"fine, the campsite won me over, happy now?",1,held_out_sarcasm
did not expect to love the campsite but here we are,1,held_out_sarcasm
expected a mess but the tutoring session was weirdly great,1,held_out_sarcasm
"thought the tutoring session would flop, I was so wrong",1,held_out_sarcasm
grudgingly admitting the tutoring session is good,1,held_out_sarcasm
"against all odds, the tutoring session rocked",1,held_out_sarcasm
"fine, the tutoring session won me over, happy now?",1,held_out_sarcasm
did not expect to love the tutoring session but here we are,1,held_out_sarcasm
expected a mess but this board game was weirdly great,1,held_out_sarcasm
"thought this board game would flop, I was so wrong",1,held_out_sarcasm
grudgingly admitting this board game is good,1,held_out_sarcasm
"against all odds, this board game rocked",1,held_out_sarcasm
"fine, this board game won me over, happy now?",1,held_out_sarcasm
did not expect to love this board game but here we are,1,held_out_sarcasm
expected a mess but the check-in process was weirdly great,1,held_out_sarcasm
"thought the check-in process would flop, I was so wrong",1,held_out_sarcasm
grudgingly admitting the check-in process is good,1,held_out_sarcasm
"against all odds, the check-in process rocked",1,held_out_sarcasm
"fine, the check-in process won me over, happy now?",1,held_out_sarcasm
did not expect to love the check-in process but here we are,1,held_out_sarcasm
