review,reply,label,style
the new album was mid tbh,"Sorry about that experience with the new album, we'll do better.",0,drift
the service hit different 🙌,So glad you loved the service!,1,drift
the customer support 2/10 do not recommend,Sorry to hear the customer support didn't work out.,0,drift
this laptop... yeah no thx 💀,We apologize for the trouble with this laptop.,0,drift
"great job the movie, truly inspiring levels of bad","Sorry about that experience with the movie, we'll do better.",0,drift
this book is a hard pass fr,We apologize for the trouble with this book.,0,drift
this laptop hit different 🙌,Thanks for sharing — happy this laptop worked out so well!,1,drift
cant believe the new album was this disappointing lol,Sorry the new album let you down — thanks for the feedback.,0,drift
"big yikes, this game was rough 😬",We apologize for the trouble with this game.,0,drift
the delivery deadass changed my life lol,So glad you loved the delivery!,1,drift
not this course being this bad 😭,Sorry to hear this course didn't work out.,0,drift
"somehow the museum didn't disappoint for once, shocking",Love that! Thanks for the kind words about the museum.,1,drift
this app hit different 🙌,"Awesome, sounds like this app really impressed you!",1,drift
"great job this app, truly inspiring levels of bad",Sorry this app let you down — thanks for the feedback.,0,drift
wasn't expecting much but this course actually delivered,So glad you loved this course!,1,drift
"great job this game, truly inspiring levels of bad",Sorry this game let you down — thanks for the feedback.,0,drift
this book is goated no cap,So glad you loved this book!,1,drift
obsessed w the movie rn 😭❤️,So glad you loved the movie!,1,drift
the concert hit different 🙌,"Awesome, sounds like the concert really impressed you!",1,drift
wow this phone really said let me disappoint you,Sorry this phone let you down — thanks for the feedback.,0,drift
cant believe this bakery was this disappointing lol,"That's disappointing to hear about this bakery, sorry about that.",0,drift
"yeah this book was amazing, said no one ever","That's disappointing to hear about this book, sorry about that.",0,drift
the coffee straight up flopped ngl,We apologize for the trouble with the coffee.,0,drift
"this course was so overhyped, big letdown",We apologize for the trouble with this course.,0,drift
"big yikes, the hotel room was rough 😬","That sounds frustrating, we'll look into the hotel room.",0,drift
"shoutout to the delivery, genuinely great",Thanks for sharing — happy the delivery worked out so well!,1,drift
the new album straight up flopped ngl,Sorry the new album let you down — thanks for the feedback.,0,drift
"color me surprised, the podcast was actually decent",So glad you loved the podcast!,1,drift
"can't stop thinking about this game, so good!!",So glad you loved this game!,1,drift
wow the restaurant really outdid itself in disappointing me,"That sounds frustrating, we'll look into the restaurant.",0,drift
not the concert being this bad 😭,"Sorry about that experience with the concert, we'll do better.",0,drift
"yeah this bakery was amazing, said no one ever","Sorry about that experience with this bakery, we'll do better.",0,drift
the delivery is goated no cap,That's great to hear about the delivery!,1,drift
this book... yeah no thx 💀,We apologize for the trouble with this book.,0,drift
this book straight up flopped ngl,Sorry to hear this book didn't work out.,0,drift
"yeah this jacket was amazing, said no one ever","That sounds frustrating, we'll look into this jacket.",0,drift
the concert was mid tbh,"Sorry about that experience with the concert, we'll do better.",0,drift
lowkey obsessed with the restaurant 😍,"Awesome, sounds like the restaurant really impressed you!",1,drift
this game was mid tbh,"That's disappointing to hear about this game, sorry about that.",0,drift
this software update slaps fr fr,Thanks for sharing — happy this software update worked out so well!,1,drift
the new album is actually so underrated,"That's wonderful, thanks for letting us know about the new album!",1,drift
the hotel room is elite fr,So glad you loved the hotel room!,1,drift
cant believe the podcast was this disappointing lol,We apologize for the trouble with the podcast.,0,drift
ngl the restaurant is actually fire 🔥,Thanks for sharing — happy the restaurant worked out so well!,1,drift
"oh great, this app broke again, love that for me","Sorry about that experience with this app, we'll do better.",0,drift
the concert straight up flopped ngl,We apologize for the trouble with the concert.,0,drift
wasn't expecting much but the gym membership actually delivered,That's great to hear about the gym membership!,1,drift
totally thrilled that the concert wasted my time,We apologize for the trouble with the concert.,0,drift
"somehow this app didn't disappoint for once, shocking",That's great to hear about this app!,1,drift
the concert slaps fr fr,So glad you loved the concert!,1,drift
this phone was mid tbh,"Sorry about that experience with this phone, we'll do better.",0,drift
not gonna lie the museum is kinda perfect,Love that! Thanks for the kind words about the museum.,1,drift
this bakery deadass changed my life lol,So glad you loved this bakery!,1,drift
not the service being this bad 😭,"Sorry about that experience with the service, we'll do better.",0,drift
lol this book is straight up trash,Sorry to hear this book didn't work out.,0,drift
lol this laptop is straight up trash,"That sounds frustrating, we'll look into this laptop.",0,drift
this camera got me smiling like an idiot ngl,"That's wonderful, thanks for letting us know about this camera!",1,drift
okay the coffee is actually kinda amazing ngl,"That's wonderful, thanks for letting us know about the coffee!",1,drift
"great job the restaurant, truly inspiring levels of bad","That sounds frustrating, we'll look into the restaurant.",0,drift
"somehow the podcast didn't disappoint for once, shocking","Awesome, sounds like the podcast really impressed you!",1,drift
"yeah the movie was amazing, said no one ever","That's disappointing to hear about the movie, sorry about that.",0,drift
not me loving the coffee this much lol,Love that! Thanks for the kind words about the coffee.,1,drift
the hotel room is a hard pass fr,"Sorry about that experience with the hotel room, we'll do better.",0,drift
lowkey obsessed with the flight 😍,Love that! Thanks for the kind words about the flight.,1,drift
"somehow the new album didn't disappoint for once, shocking",So glad you loved the new album!,1,drift
the customer support hit different 🙌,"That's wonderful, thanks for letting us know about the customer support!",1,drift
the concert 2/10 do not recommend,We apologize for the trouble with the concert.,0,drift
this book 2/10 do not recommend,"That sounds frustrating, we'll look into this book.",0,drift
cant believe the concert was this disappointing lol,"That's disappointing to hear about the concert, sorry about that.",0,drift
the service is goated no cap,That's great to hear about the service!,1,drift
"oh great, this recipe broke again, love that for me","That's disappointing to hear about this recipe, sorry about that.",0,drift
wow this jacket really outdid itself in disappointing me,Sorry to hear this jacket didn't work out.,0,drift
this book mid af ngl,We apologize for the trouble with this book.,0,drift
this course is actually so underrated,"Awesome, sounds like this course really impressed you!",1,drift
the concert is a hard pass fr,We apologize for the trouble with the concert.,0,drift
"oh great, the hotel room broke again, love that for me",We apologize for the trouble with the hotel room.,0,drift
not gonna lie this recipe is kinda perfect,"That's wonderful, thanks for letting us know about this recipe!",1,drift
"shoutout to the concert, genuinely great",Love that! Thanks for the kind words about the concert.,1,drift
cant believe the service was this disappointing lol,"That's disappointing to hear about the service, sorry about that.",0,drift
"the restaurant was a whole vibe, loved it",Thanks for sharing — happy the restaurant worked out so well!,1,drift
this laptop really said main character energy,"That's wonderful, thanks for letting us know about this laptop!",1,drift
the hotel room 2/10 do not recommend,"That sounds frustrating, we'll look into the hotel room.",0,drift
the customer support slaps fr fr,Love that! Thanks for the kind words about the customer support.,1,drift
lowkey obsessed with the service 😍,"Awesome, sounds like the service really impressed you!",1,drift
the concert mid af ngl,"Sorry about that experience with the concert, we'll do better.",0,drift
this software update straight up flopped ngl,"That's disappointing to hear about this software update, sorry about that.",0,drift
the restaurant really said main character energy,Love that! Thanks for the kind words about the restaurant.,1,drift
"can't stop thinking about the hotel room, so good!!",That's great to hear about the hotel room!,1,drift
okay the gym membership is actually kinda amazing ngl,Love that! Thanks for the kind words about the gym membership.,1,drift
"oh great, this book broke again, love that for me","Sorry about that experience with this book, we'll do better.",0,drift
not me loving the gym membership this much lol,Love that! Thanks for the kind words about the gym membership.,1,drift
this recipe really said main character energy,"Awesome, sounds like this recipe really impressed you!",1,drift
"color me surprised, the delivery was actually decent",Love that! Thanks for the kind words about the delivery.,1,drift
"the movie was so overhyped, big letdown","Sorry about that experience with the movie, we'll do better.",0,drift
this recipe got me smiling like an idiot ngl,Love that! Thanks for the kind words about this recipe.,1,drift
this jacket... yeah no thx 💀,We apologize for the trouble with this jacket.,0,drift
the gym membership... yeah no thx 💀,"Sorry about that experience with the gym membership, we'll do better.",0,drift
this camera is elite fr,That's great to hear about this camera!,1,drift
this course... yeah no thx 💀,We apologize for the trouble with this course.,0,drift
the museum mid af ngl,"That's disappointing to hear about the museum, sorry about that.",0,drift
the restaurant straight up flopped ngl,Sorry to hear the restaurant didn't work out.,0,drift
"big yikes, this camera was rough 😬",We apologize for the trouble with this camera.,0,drift
wasn't expecting much but the movie actually delivered,So glad you loved the movie!,1,drift
the coffee... yeah no thx 💀,"That's disappointing to hear about the coffee, sorry about that.",0,drift
this game straight up flopped ngl,"Sorry about that experience with this game, we'll do better.",0,drift
this recipe straight up flopped ngl,Sorry to hear this recipe didn't work out.,0,drift
ngl this book is actually fire 🔥,Thanks for sharing — happy this book worked out so well!,1,drift
ngl the concert is actually fire 🔥,So glad you loved the concert!,1,drift
"the new album was so overhyped, big letdown",Sorry to hear the new album didn't work out.,0,drift
this app... yeah no thx 💀,"That sounds frustrating, we'll look into this app.",0,drift
this camera is actually so underrated,That's great to hear about this camera!,1,drift
okay this book is actually kinda amazing ngl,Love that! Thanks for the kind words about this book.,1,drift
not me loving the service this much lol,Thanks for sharing — happy the service worked out so well!,1,drift
this camera... yeah no thx 💀,We apologize for the trouble with this camera.,0,drift
not gonna lie this show is kinda perfect,Thanks for sharing — happy this show worked out so well!,1,drift
"the concert was a whole vibe, loved it",Thanks for sharing — happy the concert worked out so well!,1,drift
okay the podcast is actually kinda amazing ngl,Love that! Thanks for the kind words about the podcast.,1,drift
the gym membership was mid tbh,Sorry the gym membership let you down — thanks for the feedback.,0,drift
not me loving this show this much lol,Thanks for sharing — happy this show worked out so well!,1,drift
this software update mid af ngl,Sorry this software update let you down — thanks for the feedback.,0,drift
"yeah the concert was amazing, said no one ever","That sounds frustrating, we'll look into the concert.",0,drift
obsessed w the customer support rn 😭❤️,So glad you loved the customer support!,1,drift
"big yikes, the delivery was rough 😬",Sorry to hear the delivery didn't work out.,0,drift
lowkey obsessed with this recipe 😍,That's great to hear about this recipe!,1,drift
the new album hit different 🙌,That's great to hear about the new album!,1,drift
wow the new album really outdid itself in disappointing me,Sorry to hear the new album didn't work out.,0,drift
wasn't expecting much but the podcast actually delivered,So glad you loved the podcast!,1,drift
"can't stop thinking about this app, so good!!",So glad you loved this app!,1,drift
wow the concert really outdid itself in disappointing me,"Sorry about that experience with the concert, we'll do better.",0,drift
the delivery 10/10 would recommend,Love that! Thanks for the kind words about the delivery.,1,drift
okay this camera is actually kinda amazing ngl,Thanks for sharing — happy this camera worked out so well!,1,drift
not the podcast being this bad 😭,"That's disappointing to hear about the podcast, sorry about that.",0,drift
the coffee slaps fr fr,Thanks for sharing — happy the coffee worked out so well!,1,drift
"big yikes, the museum was rough 😬","Sorry about that experience with the museum, we'll do better.",0,drift
okay the concert is actually kinda amazing ngl,"That's wonderful, thanks for letting us know about the concert!",1,drift
this show slaps fr fr,So glad you loved this show!,1,drift
this course slaps fr fr,"Awesome, sounds like this course really impressed you!",1,drift
"can't stop thinking about this laptop, so good!!",So glad you loved this laptop!,1,drift
cant believe this book was this disappointing lol,"Sorry about that experience with this book, we'll do better.",0,drift
the flight is actually so underrated,Thanks for sharing — happy the flight worked out so well!,1,drift
this software update is goated no cap,Love that! Thanks for the kind words about this software update.,1,drift
this recipe is elite fr,So glad you loved this recipe!,1,drift
wow the service really said let me disappoint you,"Sorry about that experience with the service, we'll do better.",0,drift
not me loving the movie this much lol,That's great to hear about the movie!,1,drift
the restaurant 10/10 would recommend,"That's wonderful, thanks for letting us know about the restaurant!",1,drift
wow this book really outdid itself in disappointing me,Sorry to hear this book didn't work out.,0,drift
the restaurant deadass changed my life lol,Love that! Thanks for the kind words about the restaurant.,1,drift
lol the customer support is straight up trash,Sorry to hear the customer support didn't work out.,0,drift
the podcast was mid tbh,"That's disappointing to hear about the podcast, sorry about that.",0,drift
totally thrilled that this course wasted my time,Sorry this course let you down — thanks for the feedback.,0,drift
the service 2/10 do not recommend,Sorry the service let you down — thanks for the feedback.,0,drift
"the concert was so overhyped, big letdown",We apologize for the trouble with the concert.,0,drift
"oh great, the restaurant broke again, love that for me","That's disappointing to hear about the restaurant, sorry about that.",0,drift
"shoutout to this book, genuinely great",Thanks for sharing — happy this book worked out so well!,1,drift
"oh great, the gym membership broke again, love that for me",We apologize for the trouble with the gym membership.,0,drift
this app got me smiling like an idiot ngl,That's great to hear about this app!,1,drift
this jacket was mid tbh,We apologize for the trouble with this jacket.,0,drift
the gym membership deadass changed my life lol,Love that! Thanks for the kind words about the gym membership.,1,drift
"shoutout to the flight, genuinely great",Love that! Thanks for the kind words about the flight.,1,drift
the delivery 2/10 do not recommend,Sorry to hear the delivery didn't work out.,0,drift
wow this software update really said let me disappoint you,Sorry to hear this software update didn't work out.,0,drift
this book hit different 🙌,"Awesome, sounds like this book really impressed you!",1,drift
the service slaps fr fr,That's great to hear about the service!,1,drift
this phone mid af ngl,"That's disappointing to hear about this phone, sorry about that.",0,drift
the flight is giving excellence tbh,So glad you loved the flight!,1,drift
lowkey obsessed with this jacket 😍,"That's wonderful, thanks for letting us know about this jacket!",1,drift
the flight 10/10 would recommend,"Awesome, sounds like the flight really impressed you!",1,drift
this recipe is giving excellence tbh,Thanks for sharing — happy this recipe worked out so well!,1,drift
cant believe this app was this disappointing lol,We apologize for the trouble with this app.,0,drift
cant believe the customer support was this disappointing lol,"Sorry about that experience with the customer support, we'll do better.",0,drift
"yeah the museum was amazing, said no one ever",Sorry the museum let you down — thanks for the feedback.,0,drift
ngl this bakery is actually fire 🔥,"Awesome, sounds like this bakery really impressed you!",1,drift
"somehow this jacket didn't disappoint for once, shocking",So glad you loved this jacket!,1,drift
"big yikes, the new album was rough 😬","That's disappointing to hear about the new album, sorry about that.",0,drift
lol this phone is straight up trash,Sorry to hear this phone didn't work out.,0,drift
not gonna lie the service is kinda perfect,"Awesome, sounds like the service really impressed you!",1,drift
"the gym membership was so overhyped, big letdown","Sorry about that experience with the gym membership, we'll do better.",0,drift
this recipe lowkey ruined my day ngl,We apologize for the trouble with this recipe.,0,drift
the hotel room really said main character energy,So glad you loved the hotel room!,1,drift
"somehow the concert didn't disappoint for once, shocking","Awesome, sounds like the concert really impressed you!",1,drift
the movie 2/10 do not recommend,"That's disappointing to hear about the movie, sorry about that.",0,drift
cant believe the gym membership was this disappointing lol,Sorry the gym membership let you down — thanks for the feedback.,0,drift
the museum lowkey ruined my day ngl,"That sounds frustrating, we'll look into the museum.",0,drift
the museum was mid tbh,"Sorry about that experience with the museum, we'll do better.",0,drift
the service straight up flopped ngl,We apologize for the trouble with the service.,0,drift
not the delivery being this bad 😭,"That's disappointing to hear about the delivery, sorry about that.",0,drift
"somehow the customer support didn't disappoint for once, shocking","That's wonderful, thanks for letting us know about the customer support!",1,drift
this recipe mid af ngl,We apologize for the trouble with this recipe.,0,drift
"color me surprised, this software update was actually decent",So glad you loved this software update!,1,drift
this jacket lowkey ruined my day ngl,Sorry to hear this jacket didn't work out.,0,drift
"can't stop thinking about the delivery, so good!!",That's great to hear about the delivery!,1,drift
the flight slaps fr fr,So glad you loved the flight!,1,drift
"color me surprised, the service was actually decent","Awesome, sounds like the service really impressed you!",1,drift
"big yikes, this jacket was rough 😬",We apologize for the trouble with this jacket.,0,drift
ngl the coffee is actually fire 🔥,That's great to hear about the coffee!,1,drift
cant believe this laptop was this disappointing lol,Sorry to hear this laptop didn't work out.,0,drift
"somehow this bakery didn't disappoint for once, shocking",That's great to hear about this bakery!,1,drift
not gonna lie the delivery is kinda perfect,Thanks for sharing — happy the delivery worked out so well!,1,drift
wow this app really outdid itself in disappointing me,Sorry this app let you down — thanks for the feedback.,0,drift
cant believe this game was this disappointing lol,Sorry this game let you down — thanks for the feedback.,0,drift
"somehow the hotel room didn't disappoint for once, shocking",That's great to hear about the hotel room!,1,drift
this show lowkey ruined my day ngl,We apologize for the trouble with this show.,0,drift
this laptop deadass changed my life lol,"Awesome, sounds like this laptop really impressed you!",1,drift
wow this laptop really said let me disappoint you,"That's disappointing to hear about this laptop, sorry about that.",0,drift
okay the customer support is actually kinda amazing ngl,That's great to hear about the customer support!,1,drift
this phone... yeah no thx 💀,"That sounds frustrating, we'll look into this phone.",0,drift
"great job this book, truly inspiring levels of bad",Sorry this book let you down — thanks for the feedback.,0,drift
this bakery 2/10 do not recommend,Sorry this bakery let you down — thanks for the feedback.,0,drift
the movie got me smiling like an idiot ngl,"That's wonderful, thanks for letting us know about the movie!",1,drift
this game is giving excellence tbh,So glad you loved this game!,1,drift
cant believe the restaurant was this disappointing lol,Sorry the restaurant let you down — thanks for the feedback.,0,drift
lowkey obsessed with the coffee 😍,"Awesome, sounds like the coffee really impressed you!",1,drift
not gonna lie the new album is kinda perfect,Thanks for sharing — happy the new album worked out so well!,1,drift
this book really said main character energy,Love that! Thanks for the kind words about this book.,1,drift
wow this recipe really said let me disappoint you,Sorry this recipe let you down — thanks for the feedback.,0,drift
"great job the service, truly inspiring levels of bad","Sorry about that experience with the service, we'll do better.",0,drift
this recipe deadass changed my life lol,Thanks for sharing — happy this recipe worked out so well!,1,drift
"can't stop thinking about this recipe, so good!!","Awesome, sounds like this recipe really impressed you!",1,drift
the service mid af ngl,"That sounds frustrating, we'll look into the service.",0,drift
"the podcast was so overhyped, big letdown","That's disappointing to hear about the podcast, sorry about that.",0,drift
this game lowkey ruined my day ngl,Sorry to hear this game didn't work out.,0,drift
"great job this jacket, truly inspiring levels of bad",Sorry this jacket let you down — thanks for the feedback.,0,drift
okay this app is actually kinda amazing ngl,That's great to hear about this app!,1,drift
"great job the flight, truly inspiring levels of bad","Sorry about that experience with the flight, we'll do better.",0,drift
the museum... yeah no thx 💀,"That's disappointing to hear about the museum, sorry about that.",0,drift
this course is giving excellence tbh,That's great to hear about this course!,1,drift
this bakery mid af ngl,"That's disappointing to hear about this bakery, sorry about that.",0,drift
lol the movie is straight up trash,Sorry to hear the movie didn't work out.,0,drift
"oh great, the service broke again, love that for me","That's disappointing to hear about the service, sorry about that.",0,drift
this laptop is a hard pass fr,We apologize for the trouble with this laptop.,0,drift
the new album... yeah no thx 💀,Sorry the new album let you down — thanks for the feedback.,0,drift
this bakery straight up flopped ngl,We apologize for the trouble with this bakery.,0,drift
this course lowkey ruined my day ngl,Sorry to hear this course didn't work out.,0,drift
this jacket mid af ngl,Sorry this jacket let you down — thanks for the feedback.,0,drift
this app mid af ngl,"That sounds frustrating, we'll look into this app.",0,drift
the restaurant is elite fr,Love that! Thanks for the kind words about the restaurant.,1,drift
this show straight up flopped ngl,Sorry to hear this show didn't work out.,0,drift
not gonna lie this laptop is kinda perfect,Love that! Thanks for the kind words about this laptop.,1,drift
"can't stop thinking about this software update, so good!!",Love that! Thanks for the kind words about this software update.,1,drift
this show was mid tbh,"That's disappointing to hear about this show, sorry about that.",0,drift
lowkey obsessed with the museum 😍,"Awesome, sounds like the museum really impressed you!",1,drift
this jacket straight up flopped ngl,"That sounds frustrating, we'll look into this jacket.",0,drift
ngl the podcast is actually fire 🔥,So glad you loved the podcast!,1,drift
cant believe the flight was this disappointing lol,"Sorry about that experience with the flight, we'll do better.",0,drift
this camera 10/10 would recommend,"Awesome, sounds like this camera really impressed you!",1,drift
the delivery is elite fr,"Awesome, sounds like the delivery really impressed you!",1,drift
the movie was mid tbh,"That's disappointing to hear about the movie, sorry about that.",0,drift
lol this recipe is straight up trash,"Sorry about that experience with this recipe, we'll do better.",0,drift
"the flight was a whole vibe, loved it",Love that! Thanks for the kind words about the flight.,1,drift
cant believe the delivery was this disappointing lol,Sorry to hear the delivery didn't work out.,0,drift
this course deadass changed my life lol,"Awesome, sounds like this course really impressed you!",1,drift
this camera is a hard pass fr,"That sounds frustrating, we'll look into this camera.",0,drift
this laptop mid af ngl,Sorry to hear this laptop didn't work out.,0,drift
"somehow the service didn't disappoint for once, shocking",That's great to hear about the service!,1,drift
"the flight was so overhyped, big letdown","Sorry about that experience with the flight, we'll do better.",0,drift
this laptop 10/10 would recommend,Love that! Thanks for the kind words about this laptop.,1,drift
the flight is a hard pass fr,"Sorry about that experience with the flight, we'll do better.",0,drift
this software update... yeah no thx 💀,We apologize for the trouble with this software update.,0,drift
the delivery is giving excellence tbh,"That's wonderful, thanks for letting us know about the delivery!",1,drift
"yeah the delivery was amazing, said no one ever",Sorry to hear the delivery didn't work out.,0,drift
"great job the hotel room, truly inspiring levels of bad","Sorry about that experience with the hotel room, we'll do better.",0,drift
"oh great, this bakery broke again, love that for me","Sorry about that experience with this bakery, we'll do better.",0,drift
this camera was mid tbh,"That sounds frustrating, we'll look into this camera.",0,drift
this laptop lowkey ruined my day ngl,Sorry this laptop let you down — thanks for the feedback.,0,drift
this software update lowkey ruined my day ngl,"That's disappointing to hear about this software update, sorry about that.",0,drift
"oh great, this software update broke again, love that for me","That's disappointing to hear about this software update, sorry about that.",0,drift
the flight was mid tbh,"That sounds frustrating, we'll look into the flight.",0,drift
the flight straight up flopped ngl,"That's disappointing to hear about the flight, sorry about that.",0,drift
"this camera was so overhyped, big letdown","That's disappointing to hear about this camera, sorry about that.",0,drift
ngl the delivery is actually fire 🔥,Thanks for sharing — happy the delivery worked out so well!,1,drift
"shoutout to this phone, genuinely great","That's wonderful, thanks for letting us know about this phone!",1,drift
the restaurant slaps fr fr,"That's wonderful, thanks for letting us know about the restaurant!",1,drift
this phone deadass changed my life lol,That's great to hear about this phone!,1,drift
totally thrilled that this phone wasted my time,"Sorry about that experience with this phone, we'll do better.",0,drift
this software update is actually so underrated,"Awesome, sounds like this software update really impressed you!",1,drift
this book is giving excellence tbh,"Awesome, sounds like this book really impressed you!",1,drift
wasn't expecting much but the flight actually delivered,So glad you loved the flight!,1,drift
the service is a hard pass fr,Sorry the service let you down — thanks for the feedback.,0,drift
not gonna lie the hotel room is kinda perfect,"Awesome, sounds like the hotel room really impressed you!",1,drift
"yeah this software update was amazing, said no one ever","Sorry about that experience with this software update, we'll do better.",0,drift
totally thrilled that the service wasted my time,"That's disappointing to hear about the service, sorry about that.",0,drift
wasn't expecting much but the concert actually delivered,That's great to hear about the concert!,1,drift
okay the hotel room is actually kinda amazing ngl,That's great to hear about the hotel room!,1,drift
totally thrilled that this book wasted my time,"That sounds frustrating, we'll look into this book.",0,drift
lol this app is straight up trash,Sorry this app let you down — thanks for the feedback.,0,drift
this recipe 2/10 do not recommend,We apologize for the trouble with this recipe.,0,drift
"big yikes, the concert was rough 😬","That's disappointing to hear about the concert, sorry about that.",0,drift
the new album really said main character energy,"That's wonderful, thanks for letting us know about the new album!",1,drift
the hotel room lowkey ruined my day ngl,Sorry to hear the hotel room didn't work out.,0,drift
this show 10/10 would recommend,So glad you loved this show!,1,drift
okay this jacket is actually kinda amazing ngl,Love that! Thanks for the kind words about this jacket.,1,drift
this show is a hard pass fr,"Sorry about that experience with this show, we'll do better.",0,drift
totally thrilled that the museum wasted my time,Sorry the museum let you down — thanks for the feedback.,0,drift
not the gym membership being this bad 😭,"That's disappointing to hear about the gym membership, sorry about that.",0,drift
the new album 10/10 would recommend,"That's wonderful, thanks for letting us know about the new album!",1,drift
this app straight up flopped ngl,"Sorry about that experience with this app, we'll do better.",0,drift
the restaurant is giving excellence tbh,"Awesome, sounds like the restaurant really impressed you!",1,drift
"color me surprised, this camera was actually decent","Awesome, sounds like this camera really impressed you!",1,drift
this app was mid tbh,Sorry to hear this app didn't work out.,0,drift
"the coffee was so overhyped, big letdown",Sorry to hear the coffee didn't work out.,0,drift
the podcast hit different 🙌,"That's wonderful, thanks for letting us know about the podcast!",1,drift
this game mid af ngl,"That sounds frustrating, we'll look into this game.",0,drift
not gonna lie this game is kinda perfect,"Awesome, sounds like this game really impressed you!",1,drift
not gonna lie the customer support is kinda perfect,Love that! Thanks for the kind words about the customer support.,1,drift
"this bakery was so overhyped, big letdown",Sorry to hear this bakery didn't work out.,0,drift
this book was mid tbh,"That sounds frustrating, we'll look into this book.",0,drift
lol the new album is straight up trash,Sorry the new album let you down — thanks for the feedback.,0,drift
the coffee is a hard pass fr,We apologize for the trouble with the coffee.,0,drift
the coffee is elite fr,"Awesome, sounds like the coffee really impressed you!",1,drift
the delivery hit different 🙌,That's great to hear about the delivery!,1,drift
this software update 10/10 would recommend,"Awesome, sounds like this software update really impressed you!",1,drift
the movie... yeah no thx 💀,Sorry to hear the movie didn't work out.,0,drift
"can't stop thinking about this bakery, so good!!","Awesome, sounds like this bakery really impressed you!",1,drift
obsessed w the flight rn 😭❤️,Love that! Thanks for the kind words about the flight.,1,drift
the concert is actually so underrated,Love that! Thanks for the kind words about the concert.,1,drift
wasn't expecting much but this software update actually delivered,"Awesome, sounds like this software update really impressed you!",1,drift
"somehow the movie didn't disappoint for once, shocking",That's great to hear about the movie!,1,drift
okay this phone is actually kinda amazing ngl,Thanks for sharing — happy this phone worked out so well!,1,drift
ngl this course is actually fire 🔥,Thanks for sharing — happy this course worked out so well!,1,drift
lol the restaurant is straight up trash,Sorry the restaurant let you down — thanks for the feedback.,0,drift
the podcast 2/10 do not recommend,We apologize for the trouble with the podcast.,0,drift
"yeah this game was amazing, said no one ever",Sorry to hear this game didn't work out.,0,drift
this phone slaps fr fr,Love that! Thanks for the kind words about this phone.,1,drift
totally thrilled that the customer support wasted my time,"That sounds frustrating, we'll look into the customer support.",0,drift
wasn't expecting much but the delivery actually delivered,That's great to hear about the delivery!,1,drift
"great job this laptop, truly inspiring levels of bad","Sorry about that experience with this laptop, we'll do better.",0,drift
this software update deadass changed my life lol,That's great to hear about this software update!,1,drift
the service deadass changed my life lol,"That's wonderful, thanks for letting us know about the service!",1,drift
"shoutout to the museum, genuinely great","That's wonderful, thanks for letting us know about the museum!",1,drift
"oh great, the customer support broke again, love that for me","That's disappointing to hear about the customer support, sorry about that.",0,drift
not this show being this bad 😭,"Sorry about that experience with this show, we'll do better.",0,drift
not this software update being this bad 😭,"That sounds frustrating, we'll look into this software update.",0,drift
the podcast 10/10 would recommend,Thanks for sharing — happy the podcast worked out so well!,1,drift
the restaurant... yeah no thx 💀,We apologize for the trouble with the restaurant.,0,drift
wasn't expecting much but the museum actually delivered,"Awesome, sounds like the museum really impressed you!",1,drift
wasn't expecting much but this app actually delivered,"That's wonderful, thanks for letting us know about this app!",1,drift
lowkey obsessed with this software update 😍,"Awesome, sounds like this software update really impressed you!",1,drift
wow this laptop really outdid itself in disappointing me,"Sorry about that experience with this laptop, we'll do better.",0,drift
this software update is giving excellence tbh,So glad you loved this software update!,1,drift
"the customer support was a whole vibe, loved it","That's wonderful, thanks for letting us know about the customer support!",1,drift
"big yikes, this bakery was rough 😬","That sounds frustrating, we'll look into this bakery.",0,drift
"big yikes, this phone was rough 😬",Sorry to hear this phone didn't work out.,0,drift
"somehow this book didn't disappoint for once, shocking",So glad you loved this book!,1,drift
this phone lowkey ruined my day ngl,"That's disappointing to hear about this phone, sorry about that.",0,drift
not this game being this bad 😭,"Sorry about that experience with this game, we'll do better.",0,drift
this course is elite fr,So glad you loved this course!,1,drift
this app is goated no cap,"That's wonderful, thanks for letting us know about this app!",1,drift
this camera really said main character energy,"Awesome, sounds like this camera really impressed you!",1,drift
"this book was so overhyped, big letdown","Sorry about that experience with this book, we'll do better.",0,drift
"can't stop thinking about the podcast, so good!!",Love that! Thanks for the kind words about the podcast.,1,drift
wow the gym membership really outdid itself in disappointing me,"That sounds frustrating, we'll look into the gym membership.",0,drift
the new album deadass changed my life lol,Thanks for sharing — happy the new album worked out so well!,1,drift
"yeah the hotel room was amazing, said no one ever","That sounds frustrating, we'll look into the hotel room.",0,drift
this bakery... yeah no thx 💀,"That's disappointing to hear about this bakery, sorry about that.",0,drift
not me loving the customer support this much lol,"That's wonderful, thanks for letting us know about the customer support!",1,drift
lol the delivery is straight up trash,"That sounds frustrating, we'll look into the delivery.",0,drift
"big yikes, this laptop was rough 😬",Sorry to hear this laptop didn't work out.,0,drift
wasn't expecting much but this bakery actually delivered,Love that! Thanks for the kind words about this bakery.,1,drift
the restaurant mid af ngl,Sorry to hear the restaurant didn't work out.,0,drift
not me loving the flight this much lol,That's great to hear about the flight!,1,drift
wow the flight really outdid itself in disappointing me,Sorry to hear the flight didn't work out.,0,drift
the flight is goated no cap,"That's wonderful, thanks for letting us know about the flight!",1,drift
"shoutout to this app, genuinely great","Awesome, sounds like this app really impressed you!",1,drift
wasn't expecting much but this camera actually delivered,"That's wonderful, thanks for letting us know about this camera!",1,drift
wow this camera really outdid itself in disappointing me,Sorry this camera let you down — thanks for the feedback.,0,drift
totally thrilled that the restaurant wasted my time,We apologize for the trouble with the restaurant.,0,drift
the coffee 10/10 would recommend,"Awesome, sounds like the coffee really impressed you!",1,drift
wow the customer support really outdid itself in disappointing me,"That sounds frustrating, we'll look into the customer support.",0,drift
the restaurant lowkey ruined my day ngl,We apologize for the trouble with the restaurant.,0,drift
okay the movie is actually kinda amazing ngl,"Awesome, sounds like the movie really impressed you!",1,drift
"big yikes, this course was rough 😬",Sorry to hear this course didn't work out.,0,drift
the delivery straight up flopped ngl,Sorry the delivery let you down — thanks for the feedback.,0,drift
"great job the concert, truly inspiring levels of bad",Sorry the concert let you down — thanks for the feedback.,0,drift
"yeah the restaurant was amazing, said no one ever","That's disappointing to hear about the restaurant, sorry about that.",0,drift
"color me surprised, this course was actually decent",Thanks for sharing — happy this course worked out so well!,1,drift
the customer support was mid tbh,"Sorry about that experience with the customer support, we'll do better.",0,drift
ngl the service is actually fire 🔥,That's great to hear about the service!,1,drift
"big yikes, this recipe was rough 😬","That sounds frustrating, we'll look into this recipe.",0,drift
lowkey obsessed with this camera 😍,So glad you loved this camera!,1,drift
the podcast is giving excellence tbh,So glad you loved the podcast!,1,drift
lowkey obsessed with this app 😍,Love that! Thanks for the kind words about this app.,1,drift
lowkey obsessed with the hotel room 😍,"That's wonderful, thanks for letting us know about the hotel room!",1,drift
this bakery really said main character energy,Thanks for sharing — happy this bakery worked out so well!,1,drift
this game hit different 🙌,"That's wonderful, thanks for letting us know about this game!",1,drift
lowkey obsessed with the podcast 😍,Thanks for sharing — happy the podcast worked out so well!,1,drift
this recipe... yeah no thx 💀,Sorry this recipe let you down — thanks for the feedback.,0,drift
lol this game is straight up trash,"That's disappointing to hear about this game, sorry about that.",0,drift
this game is elite fr,Love that! Thanks for the kind words about this game.,1,drift
this phone straight up flopped ngl,We apologize for the trouble with this phone.,0,drift
wasn't expecting much but the hotel room actually delivered,That's great to hear about the hotel room!,1,drift
"shoutout to this bakery, genuinely great","Awesome, sounds like this bakery really impressed you!",1,drift
"color me surprised, the movie was actually decent",Thanks for sharing — happy the movie worked out so well!,1,drift
this phone is goated no cap,Love that! Thanks for the kind words about this phone.,1,drift
ngl the gym membership is actually fire 🔥,So glad you loved the gym membership!,1,drift
cant believe this course was this disappointing lol,"Sorry about that experience with this course, we'll do better.",0,drift
this book slaps fr fr,"Awesome, sounds like this book really impressed you!",1,drift
the museum is elite fr,So glad you loved the museum!,1,drift
"yeah the coffee was amazing, said no one ever","That's disappointing to hear about the coffee, sorry about that.",0,drift
not the hotel room being this bad 😭,Sorry to hear the hotel room didn't work out.,0,drift
wow this game really outdid itself in disappointing me,"That sounds frustrating, we'll look into this game.",0,drift
"big yikes, the restaurant was rough 😬",Sorry to hear the restaurant didn't work out.,0,drift
the hotel room hit different 🙌,Thanks for sharing — happy the hotel room worked out so well!,1,drift
lol this bakery is straight up trash,"Sorry about that experience with this bakery, we'll do better.",0,drift
"shoutout to this laptop, genuinely great",Love that! Thanks for the kind words about this laptop.,1,drift
"oh great, the flight broke again, love that for me","That sounds frustrating, we'll look into the flight.",0,drift
wow this bakery really outdid itself in disappointing me,We apologize for the trouble with this bakery.,0,drift
"great job the new album, truly inspiring levels of bad",Sorry the new album let you down — thanks for the feedback.,0,drift
this bakery 10/10 would recommend,"Awesome, sounds like this bakery really impressed you!",1,drift
"yeah the flight was amazing, said no one ever",Sorry the flight let you down — thanks for the feedback.,0,drift
"can't stop thinking about the customer support, so good!!",That's great to hear about the customer support!,1,drift
this recipe is goated no cap,That's great to hear about this recipe!,1,drift
"shoutout to this game, genuinely great",Thanks for sharing — happy this game worked out so well!,1,drift
the movie hit different 🙌,Thanks for sharing — happy the movie worked out so well!,1,drift
the gym membership is goated no cap,Love that! Thanks for the kind words about the gym membership.,1,drift
cant believe this show was this disappointing lol,Sorry this show let you down — thanks for the feedback.,0,drift
the flight lowkey ruined my day ngl,We apologize for the trouble with the flight.,0,drift
this show mid af ngl,We apologize for the trouble with this show.,0,drift
"the podcast was a whole vibe, loved it","Awesome, sounds like the podcast really impressed you!",1,drift
"shoutout to the customer support, genuinely great","Awesome, sounds like the customer support really impressed you!",1,drift
the movie is goated no cap,"That's wonderful, thanks for letting us know about the movie!",1,drift
"can't stop thinking about this camera, so good!!",That's great to hear about this camera!,1,drift
"big yikes, the movie was rough 😬",Sorry to hear the movie didn't work out.,0,drift
not this recipe being this bad 😭,Sorry to hear this recipe didn't work out.,0,drift
"big yikes, the podcast was rough 😬","Sorry about that experience with the podcast, we'll do better.",0,drift
the customer support 10/10 would recommend,That's great to hear about the customer support!,1,drift
the podcast is elite fr,"Awesome, sounds like the podcast really impressed you!",1,drift
the coffee was mid tbh,"That's disappointing to hear about the coffee, sorry about that.",0,drift
this jacket 2/10 do not recommend,"That sounds frustrating, we'll look into this jacket.",0,drift
not me loving the new album this much lol,Thanks for sharing — happy the new album worked out so well!,1,drift
the gym membership is elite fr,"That's wonderful, thanks for letting us know about the gym membership!",1,drift
the coffee deadass changed my life lol,"That's wonderful, thanks for letting us know about the coffee!",1,drift
this book is actually so underrated,Love that! Thanks for the kind words about this book.,1,drift
"color me surprised, the museum was actually decent","Awesome, sounds like the museum really impressed you!",1,drift
this laptop 2/10 do not recommend,Sorry this laptop let you down — thanks for the feedback.,0,drift
the gym membership hit different 🙌,That's great to hear about the gym membership!,1,drift
not this app being this bad 😭,"That sounds frustrating, we'll look into this app.",0,drift
"great job this recipe, truly inspiring levels of bad",Sorry this recipe let you down — thanks for the feedback.,0,drift
"color me surprised, the restaurant was actually decent",Thanks for sharing — happy the restaurant worked out so well!,1,drift
cant believe this jacket was this disappointing lol,"Sorry about that experience with this jacket, we'll do better.",0,drift
"somehow the flight didn't disappoint for once, shocking",Love that! Thanks for the kind words about the flight.,1,drift
this jacket deadass changed my life lol,So glad you loved this jacket!,1,drift
wow this software update really outdid itself in disappointing me,"That sounds frustrating, we'll look into this software update.",0,drift
the gym membership is actually so underrated,"That's wonderful, thanks for letting us know about the gym membership!",1,drift
obsessed w this phone rn 😭❤️,"That's wonderful, thanks for letting us know about this phone!",1,drift
the concert is giving excellence tbh,Love that! Thanks for the kind words about the concert.,1,drift
obsessed w this camera rn 😭❤️,"Awesome, sounds like this camera really impressed you!",1,drift
"great job the customer support, truly inspiring levels of bad",Sorry to hear the customer support didn't work out.,0,drift
"big yikes, this book was rough 😬",We apologize for the trouble with this book.,0,drift
not this bakery being this bad 😭,"That's disappointing to hear about this bakery, sorry about that.",0,drift
"color me surprised, this jacket was actually decent",Love that! Thanks for the kind words about this jacket.,1,drift
the flight mid af ngl,We apologize for the trouble with the flight.,0,drift
"can't stop thinking about this phone, so good!!",So glad you loved this phone!,1,drift
this laptop got me smiling like an idiot ngl,"That's wonderful, thanks for letting us know about this laptop!",1,drift
"the delivery was a whole vibe, loved it",Thanks for sharing — happy the delivery worked out so well!,1,drift
"yeah this camera was amazing, said no one ever",We apologize for the trouble with this camera.,0,drift
"this software update was a whole vibe, loved it",So glad you loved this software update!,1,drift
this phone got me smiling like an idiot ngl,So glad you loved this phone!,1,drift
"yeah this recipe was amazing, said no one ever",Sorry to hear this recipe didn't work out.,0,drift
not the flight being this bad 😭,We apologize for the trouble with the flight.,0,drift
the gym membership lowkey ruined my day ngl,Sorry the gym membership let you down — thanks for the feedback.,0,drift
wow the coffee really said let me disappoint you,Sorry to hear the coffee didn't work out.,0,drift
the delivery slaps fr fr,"That's wonderful, thanks for letting us know about the delivery!",1,drift
this game 10/10 would recommend,That's great to hear about this game!,1,drift
"the restaurant was so overhyped, big letdown",We apologize for the trouble with the restaurant.,0,drift
"can't stop thinking about the movie, so good!!","That's wonderful, thanks for letting us know about the movie!",1,drift
this course hit different 🙌,That's great to hear about this course!,1,drift
"this laptop was so overhyped, big letdown","Sorry about that experience with this laptop, we'll do better.",0,drift
"big yikes, the customer support was rough 😬",Sorry the customer support let you down — thanks for the feedback.,0,drift
"the movie was a whole vibe, loved it",That's great to hear about the movie!,1,drift
lol the podcast is straight up trash,Sorry to hear the podcast didn't work out.,0,drift
this laptop slaps fr fr,"That's wonderful, thanks for letting us know about this laptop!",1,drift
wow the movie really outdid itself in disappointing me,"That's disappointing to hear about the movie, sorry about that.",0,drift
wow the movie really said let me disappoint you,"That sounds frustrating, we'll look into the movie.",0,drift
this course got me smiling like an idiot ngl,That's great to hear about this course!,1,drift
"this app was a whole vibe, loved it",Thanks for sharing — happy this app worked out so well!,1,drift
lowkey obsessed with this laptop 😍,"Awesome, sounds like this laptop really impressed you!",1,drift
not the museum being this bad 😭,Sorry the museum let you down — thanks for the feedback.,0,drift
lowkey obsessed with this book 😍,So glad you loved this book!,1,drift
the coffee hit different 🙌,"That's wonderful, thanks for letting us know about the coffee!",1,drift
this course 10/10 would recommend,Thanks for sharing — happy this course worked out so well!,1,drift
the coffee mid af ngl,We apologize for the trouble with the coffee.,0,drift
the customer support mid af ngl,"That's disappointing to hear about the customer support, sorry about that.",0,drift
ngl this jacket is actually fire 🔥,Thanks for sharing — happy this jacket worked out so well!,1,drift
lol the flight is straight up trash,Sorry the flight let you down — thanks for the feedback.,0,drift
the new album lowkey ruined my day ngl,Sorry the new album let you down — thanks for the feedback.,0,drift
wow the customer support really said let me disappoint you,"That sounds frustrating, we'll look into the customer support.",0,drift
this laptop is actually so underrated,"That's wonderful, thanks for letting us know about this laptop!",1,drift
not me loving the delivery this much lol,"Awesome, sounds like the delivery really impressed you!",1,drift
this software update was mid tbh,"That's disappointing to hear about this software update, sorry about that.",0,drift
lol the coffee is straight up trash,Sorry the coffee let you down — thanks for the feedback.,0,drift
not gonna lie the restaurant is kinda perfect,So glad you loved the restaurant!,1,drift
wow the museum really outdid itself in disappointing me,Sorry to hear the museum didn't work out.,0,drift
this book is elite fr,Thanks for sharing — happy this book worked out so well!,1,drift
this jacket got me smiling like an idiot ngl,So glad you loved this jacket!,1,drift
the concert lowkey ruined my day ngl,Sorry the concert let you down — thanks for the feedback.,0,drift
"yeah the gym membership was amazing, said no one ever","That sounds frustrating, we'll look into the gym membership.",0,drift
wasn't expecting much but the restaurant actually delivered,That's great to hear about the restaurant!,1,drift
this app is giving excellence tbh,So glad you loved this app!,1,drift
this course really said main character energy,Thanks for sharing — happy this course worked out so well!,1,drift
the museum is giving excellence tbh,"Awesome, sounds like the museum really impressed you!",1,drift
the movie straight up flopped ngl,"That sounds frustrating, we'll look into the movie.",0,drift
wow the service really outdid itself in disappointing me,"That's disappointing to hear about the service, sorry about that.",0,drift
this bakery hit different 🙌,So glad you loved this bakery!,1,drift
not this book being this bad 😭,Sorry this book let you down — thanks for the feedback.,0,drift
totally thrilled that the flight wasted my time,Sorry the flight let you down — thanks for the feedback.,0,drift
lol the hotel room is straight up trash,"Sorry about that experience with the hotel room, we'll do better.",0,drift
this game... yeah no thx 💀,Sorry to hear this game didn't work out.,0,drift
this game is a hard pass fr,We apologize for the trouble with this game.,0,drift
"can't stop thinking about this book, so good!!","Awesome, sounds like this book really impressed you!",1,drift
this laptop is giving excellence tbh,So glad you loved this laptop!,1,drift
this book got me smiling like an idiot ngl,Love that! Thanks for the kind words about this book.,1,drift
this course was mid tbh,Sorry this course let you down — thanks for the feedback.,0,drift
the gym membership is a hard pass fr,We apologize for the trouble with the gym membership.,0,drift
"oh great, the movie broke again, love that for me",Sorry the movie let you down — thanks for the feedback.,0,drift
this app deadass changed my life lol,Thanks for sharing — happy this app worked out so well!,1,drift
the concert is goated no cap,Love that! Thanks for the kind words about the concert.,1,drift
totally thrilled that this app wasted my time,We apologize for the trouble with this app.,0,drift
this recipe is a hard pass fr,"Sorry about that experience with this recipe, we'll do better.",0,drift
"this app was so overhyped, big letdown",Sorry to hear this app didn't work out.,0,drift
"the hotel room was so overhyped, big letdown",We apologize for the trouble with the hotel room.,0,drift
wow the concert really said let me disappoint you,Sorry the concert let you down — thanks for the feedback.,0,drift
this course mid af ngl,"That sounds frustrating, we'll look into this course.",0,drift
"big yikes, this software update was rough 😬","That's disappointing to hear about this software update, sorry about that.",0,drift
this app 10/10 would recommend,Love that! Thanks for the kind words about this app.,1,drift
"shoutout to the gym membership, genuinely great",So glad you loved the gym membership!,1,drift
the podcast really said main character energy,"That's wonderful, thanks for letting us know about the podcast!",1,drift
the service lowkey ruined my day ngl,"That's disappointing to hear about the service, sorry about that.",0,drift
totally thrilled that the podcast wasted my time,"Sorry about that experience with the podcast, we'll do better.",0,drift
obsessed w the concert rn 😭❤️,Thanks for sharing — happy the concert worked out so well!,1,drift
"color me surprised, the hotel room was actually decent","That's wonderful, thanks for letting us know about the hotel room!",1,drift
not me loving this recipe this much lol,"Awesome, sounds like this recipe really impressed you!",1,drift
not me loving this jacket this much lol,That's great to hear about this jacket!,1,drift
"this course was a whole vibe, loved it","Awesome, sounds like this course really impressed you!",1,drift
obsessed w the coffee rn 😭❤️,Thanks for sharing — happy the coffee worked out so well!,1,drift
lol the museum is straight up trash,Sorry to hear the museum didn't work out.,0,drift
the service is elite fr,That's great to hear about the service!,1,drift
the flight hit different 🙌,Love that! Thanks for the kind words about the flight.,1,drift
wow this recipe really outdid itself in disappointing me,Sorry this recipe let you down — thanks for the feedback.,0,drift
this phone hit different 🙌,Thanks for sharing — happy this phone worked out so well!,1,drift
not this jacket being this bad 😭,Sorry to hear this jacket didn't work out.,0,drift
the service 10/10 would recommend,"That's wonderful, thanks for letting us know about the service!",1,drift
"this game was so overhyped, big letdown",We apologize for the trouble with this game.,0,drift
totally thrilled that the new album wasted my time,Sorry to hear the new album didn't work out.,0,drift
the podcast slaps fr fr,"Awesome, sounds like the podcast really impressed you!",1,drift
not the coffee being this bad 😭,"That's disappointing to hear about the coffee, sorry about that.",0,drift
"color me surprised, this book was actually decent",So glad you loved this book!,1,drift
lowkey obsessed with the customer support 😍,"Awesome, sounds like the customer support really impressed you!",1,drift
this jacket 10/10 would recommend,"That's wonderful, thanks for letting us know about this jacket!",1,drift
"somehow this phone didn't disappoint for once, shocking","Awesome, sounds like this phone really impressed you!",1,drift
this book lowkey ruined my day ngl,"Sorry about that experience with this book, we'll do better.",0,drift
"this show was so overhyped, big letdown","That's disappointing to hear about this show, sorry about that.",0,drift
"this laptop was a whole vibe, loved it","Awesome, sounds like this laptop really impressed you!",1,drift
lowkey obsessed with this course 😍,Love that! Thanks for the kind words about this course.,1,drift
this show is actually so underrated,That's great to hear about this show!,1,drift
"the new album was a whole vibe, loved it","That's wonderful, thanks for letting us know about the new album!",1,drift
the podcast mid af ngl,Sorry to hear the podcast didn't work out.,0,drift
"great job the podcast, truly inspiring levels of bad","That's disappointing to hear about the podcast, sorry about that.",0,drift
lol the concert is straight up trash,"That's disappointing to hear about the concert, sorry about that.",0,drift
this jacket is a hard pass fr,We apologize for the trouble with this jacket.,0,drift
the museum deadass changed my life lol,That's great to hear about the museum!,1,drift
the museum 10/10 would recommend,That's great to hear about the museum!,1,drift
the customer support is a hard pass fr,"That sounds frustrating, we'll look into the customer support.",0,drift
obsessed w the hotel room rn 😭❤️,So glad you loved the hotel room!,1,drift
this bakery slaps fr fr,"That's wonderful, thanks for letting us know about this bakery!",1,drift
"somehow this laptop didn't disappoint for once, shocking",Love that! Thanks for the kind words about this laptop.,1,drift
"big yikes, this show was rough 😬",We apologize for the trouble with this show.,0,drift
this app slaps fr fr,That's great to hear about this app!,1,drift
not me loving this camera this much lol,That's great to hear about this camera!,1,drift
totally thrilled that this software update wasted my time,Sorry to hear this software update didn't work out.,0,drift
ngl the movie is actually fire 🔥,So glad you loved the movie!,1,drift
this jacket is elite fr,"Awesome, sounds like this jacket really impressed you!",1,drift
the hotel room... yeah no thx 💀,"Sorry about that experience with the hotel room, we'll do better.",0,drift
the museum hit different 🙌,"That's wonderful, thanks for letting us know about the museum!",1,drift
lowkey obsessed with the movie 😍,So glad you loved the movie!,1,drift
wow this camera really said let me disappoint you,"That sounds frustrating, we'll look into this camera.",0,drift
"this jacket was a whole vibe, loved it",So glad you loved this jacket!,1,drift
cant believe this recipe was this disappointing lol,Sorry this recipe let you down — thanks for the feedback.,0,drift
wow the hotel room really said let me disappoint you,We apologize for the trouble with the hotel room.,0,drift
"color me surprised, this game was actually decent",Thanks for sharing — happy this game worked out so well!,1,drift
the coffee lowkey ruined my day ngl,Sorry the coffee let you down — thanks for the feedback.,0,drift
obsessed w this book rn 😭❤️,"That's wonderful, thanks for letting us know about this book!",1,drift
totally thrilled that the hotel room wasted my time,"That sounds frustrating, we'll look into the hotel room.",0,drift
obsessed w this game rn 😭❤️,That's great to hear about this game!,1,drift
"great job this software update, truly inspiring levels of bad","Sorry about that experience with this software update, we'll do better.",0,drift
the customer support... yeah no thx 💀,Sorry to hear the customer support didn't work out.,0,drift
this app is actually so underrated,Thanks for sharing — happy this app worked out so well!,1,drift
not gonna lie this bakery is kinda perfect,"Awesome, sounds like this bakery really impressed you!",1,drift
"great job the coffee, truly inspiring levels of bad",We apologize for the trouble with the coffee.,0,drift
wow the flight really said let me disappoint you,"That's disappointing to hear about the flight, sorry about that.",0,drift
the new album is goated no cap,Love that! Thanks for the kind words about the new album.,1,drift
totally thrilled that the coffee wasted my time,We apologize for the trouble with the coffee.,0,drift
cant believe the hotel room was this disappointing lol,"That's disappointing to hear about the hotel room, sorry about that.",0,drift
obsessed w this course rn 😭❤️,That's great to hear about this course!,1,drift
the delivery lowkey ruined my day ngl,Sorry the delivery let you down — thanks for the feedback.,0,drift
this recipe is actually so underrated,Thanks for sharing — happy this recipe worked out so well!,1,drift
"the museum was a whole vibe, loved it",So glad you loved the museum!,1,drift
not me loving this course this much lol,That's great to hear about this course!,1,drift
this app is a hard pass fr,We apologize for the trouble with this app.,0,drift
"oh great, this laptop broke again, love that for me","Sorry about that experience with this laptop, we'll do better.",0,drift
okay the restaurant is actually kinda amazing ngl,Love that! Thanks for the kind words about the restaurant.,1,drift
this jacket is giving excellence tbh,Thanks for sharing — happy this jacket worked out so well!,1,drift
totally thrilled that this laptop wasted my time,Sorry this laptop let you down — thanks for the feedback.,0,drift
not me loving this bakery this much lol,Love that! Thanks for the kind words about this bakery.,1,drift
ngl this phone is actually fire 🔥,Thanks for sharing — happy this phone worked out so well!,1,drift
"color me surprised, the customer support was actually decent",So glad you loved the customer support!,1,drift
wasn't expecting much but the new album actually delivered,"Awesome, sounds like the new album really impressed you!",1,drift
the new album slaps fr fr,"Awesome, sounds like the new album really impressed you!",1,drift
this book 10/10 would recommend,Love that! Thanks for the kind words about this book.,1,drift
the customer support is giving excellence tbh,Thanks for sharing — happy the customer support worked out so well!,1,drift
cant believe this phone was this disappointing lol,"That sounds frustrating, we'll look into this phone.",0,drift
okay this game is actually kinda amazing ngl,"Awesome, sounds like this game really impressed you!",1,drift
"oh great, the new album broke again, love that for me",We apologize for the trouble with the new album.,0,drift
this phone is a hard pass fr,"Sorry about that experience with this phone, we'll do better.",0,drift
the hotel room was mid tbh,"That's disappointing to hear about the hotel room, sorry about that.",0,drift
the service is actually so underrated,That's great to hear about the service!,1,drift
this show got me smiling like an idiot ngl,So glad you loved this show!,1,drift
the hotel room mid af ngl,"Sorry about that experience with the hotel room, we'll do better.",0,drift
wow this app really said let me disappoint you,We apologize for the trouble with this app.,0,drift
the movie is giving excellence tbh,"Awesome, sounds like the movie really impressed you!",1,drift
the customer support straight up flopped ngl,Sorry the customer support let you down — thanks for the feedback.,0,drift
the hotel room straight up flopped ngl,Sorry to hear the hotel room didn't work out.,0,drift
"yeah this course was amazing, said no one ever","That sounds frustrating, we'll look into this course.",0,drift
"oh great, the delivery broke again, love that for me","Sorry about that experience with the delivery, we'll do better.",0,drift
the service really said main character energy,"Awesome, sounds like the service really impressed you!",1,drift
not me loving this laptop this much lol,Thanks for sharing — happy this laptop worked out so well!,1,drift
totally thrilled that the gym membership wasted my time,Sorry to hear the gym membership didn't work out.,0,drift
not gonna lie this software update is kinda perfect,Thanks for sharing — happy this software update worked out so well!,1,drift
this phone really said main character energy,"That's wonderful, thanks for letting us know about this phone!",1,drift
"oh great, the podcast broke again, love that for me","That's disappointing to hear about the podcast, sorry about that.",0,drift
"big yikes, the gym membership was rough 😬",We apologize for the trouble with the gym membership.,0,drift
"big yikes, this app was rough 😬",Sorry this app let you down — thanks for the feedback.,0,drift
the concert... yeah no thx 💀,"That's disappointing to hear about the concert, sorry about that.",0,drift
"shoutout to this recipe, genuinely great",That's great to hear about this recipe!,1,drift
totally thrilled that this jacket wasted my time,"That sounds frustrating, we'll look into this jacket.",0,drift
lol the service is straight up trash,Sorry the service let you down — thanks for the feedback.,0,drift
"this phone was a whole vibe, loved it",Thanks for sharing — happy this phone worked out so well!,1,drift
"yeah this phone was amazing, said no one ever",Sorry to hear this phone didn't work out.,0,drift
wow this course really said let me disappoint you,We apologize for the trouble with this course.,0,drift
this software update is a hard pass fr,We apologize for the trouble with this software update.,0,drift
ngl this game is actually fire 🔥,That's great to hear about this game!,1,drift
okay this show is actually kinda amazing ngl,"That's wonderful, thanks for letting us know about this show!",1,drift
not this camera being this bad 😭,"Sorry about that experience with this camera, we'll do better.",0,drift
this course straight up flopped ngl,"That sounds frustrating, we'll look into this course.",0,drift
"oh great, this game broke again, love that for me","That sounds frustrating, we'll look into this game.",0,drift
wow this book really said let me disappoint you,Sorry to hear this book didn't work out.,0,drift
wasn't expecting much but this laptop actually delivered,Love that! Thanks for the kind words about this laptop.,1,drift
lol this camera is straight up trash,Sorry this camera let you down — thanks for the feedback.,0,drift
"shoutout to the hotel room, genuinely great",That's great to hear about the hotel room!,1,drift
the coffee really said main character energy,"That's wonderful, thanks for letting us know about the coffee!",1,drift
the museum got me smiling like an idiot ngl,"Awesome, sounds like the museum really impressed you!",1,drift
the delivery... yeah no thx 💀,"Sorry about that experience with the delivery, we'll do better.",0,drift
okay this bakery is actually kinda amazing ngl,That's great to hear about this bakery!,1,drift
this phone is elite fr,"Awesome, sounds like this phone really impressed you!",1,drift
wow the podcast really said let me disappoint you,Sorry the podcast let you down — thanks for the feedback.,0,drift
"the museum was so overhyped, big letdown",Sorry the museum let you down — thanks for the feedback.,0,drift
not me loving the concert this much lol,Love that! Thanks for the kind words about the concert.,1,drift
this bakery was mid tbh,Sorry to hear this bakery didn't work out.,0,drift
wow this jacket really said let me disappoint you,"That's disappointing to hear about this jacket, sorry about that.",0,drift
this app lowkey ruined my day ngl,Sorry this app let you down — thanks for the feedback.,0,drift
the gym membership mid af ngl,"That's disappointing to hear about the gym membership, sorry about that.",0,drift
totally thrilled that this game wasted my time,"That sounds frustrating, we'll look into this game.",0,drift
lowkey obsessed with the delivery 😍,Love that! Thanks for the kind words about the delivery.,1,drift
obsessed w this recipe rn 😭❤️,So glad you loved this recipe!,1,drift
ngl this show is actually fire 🔥,So glad you loved this show!,1,drift
this app 2/10 do not recommend,"That's disappointing to hear about this app, sorry about that.",0,drift
"color me surprised, this recipe was actually decent",So glad you loved this recipe!,1,drift
"great job the gym membership, truly inspiring levels of bad","That sounds frustrating, we'll look into the gym membership.",0,drift
"somehow the delivery didn't disappoint for once, shocking",Love that! Thanks for the kind words about the delivery.,1,drift
"can't stop thinking about this course, so good!!","Awesome, sounds like this course really impressed you!",1,drift
not this phone being this bad 😭,"Sorry about that experience with this phone, we'll do better.",0,drift
this laptop was mid tbh,"That's disappointing to hear about this laptop, sorry about that.",0,drift
the customer support deadass changed my life lol,That's great to hear about the customer support!,1,drift
this show is elite fr,"Awesome, sounds like this show really impressed you!",1,drift
the customer support is actually so underrated,"Awesome, sounds like the customer support really impressed you!",1,drift
this book deadass changed my life lol,So glad you loved this book!,1,drift
not gonna lie the concert is kinda perfect,"That's wonderful, thanks for letting us know about the concert!",1,drift
totally thrilled that this show wasted my time,"That's disappointing to hear about this show, sorry about that.",0,drift
this camera slaps fr fr,Love that! Thanks for the kind words about this camera.,1,drift
not the customer support being this bad 😭,"Sorry about that experience with the customer support, we'll do better.",0,drift
not gonna lie this app is kinda perfect,"That's wonderful, thanks for letting us know about this app!",1,drift
this software update is elite fr,"That's wonderful, thanks for letting us know about this software update!",1,drift
lowkey obsessed with the new album 😍,Thanks for sharing — happy the new album worked out so well!,1,drift
"the hotel room was a whole vibe, loved it",So glad you loved the hotel room!,1,drift
this game is actually so underrated,Love that! Thanks for the kind words about this game.,1,drift
"the coffee was a whole vibe, loved it",Love that! Thanks for the kind words about the coffee.,1,drift
wow the delivery really outdid itself in disappointing me,"Sorry about that experience with the delivery, we'll do better.",0,drift
the restaurant is a hard pass fr,We apologize for the trouble with the restaurant.,0,drift
"color me surprised, this app was actually decent",That's great to hear about this app!,1,drift
totally thrilled that this bakery wasted my time,"Sorry about that experience with this bakery, we'll do better.",0,drift
this camera lowkey ruined my day ngl,"That's disappointing to hear about this camera, sorry about that.",0,drift
wow the hotel room really outdid itself in disappointing me,"That sounds frustrating, we'll look into the hotel room.",0,drift
"great job this bakery, truly inspiring levels of bad","That sounds frustrating, we'll look into this bakery.",0,drift
the delivery is a hard pass fr,"That sounds frustrating, we'll look into the delivery.",0,drift
this software update hit different 🙌,Love that! Thanks for the kind words about this software update.,1,drift
wow this game really said let me disappoint you,We apologize for the trouble with this game.,0,drift
the gym membership 2/10 do not recommend,Sorry the gym membership let you down — thanks for the feedback.,0,drift
this course is goated no cap,That's great to hear about this course!,1,drift
this bakery is a hard pass fr,We apologize for the trouble with this bakery.,0,drift
the podcast got me smiling like an idiot ngl,Love that! Thanks for the kind words about the podcast.,1,drift
"yeah the new album was amazing, said no one ever",Sorry to hear the new album didn't work out.,0,drift
not this laptop being this bad 😭,"Sorry about that experience with this laptop, we'll do better.",0,drift
"can't stop thinking about the flight, so good!!",That's great to hear about the flight!,1,drift
okay the flight is actually kinda amazing ngl,That's great to hear about the flight!,1,drift
not gonna lie the podcast is kinda perfect,Thanks for sharing — happy the podcast worked out so well!,1,drift
okay the service is actually kinda amazing ngl,Love that! Thanks for the kind words about the service.,1,drift
the movie is actually so underrated,So glad you loved the movie!,1,drift
the movie lowkey ruined my day ngl,"That's disappointing to hear about the movie, sorry about that.",0,drift
"this software update was so overhyped, big letdown",We apologize for the trouble with this software update.,0,drift
this course is a hard pass fr,Sorry to hear this course didn't work out.,0,drift
the hotel room is giving excellence tbh,"That's wonderful, thanks for letting us know about the hotel room!",1,drift
"this recipe was so overhyped, big letdown",Sorry this recipe let you down — thanks for the feedback.,0,drift
the movie really said main character energy,"That's wonderful, thanks for letting us know about the movie!",1,drift
"color me surprised, the concert was actually decent",That's great to hear about the concert!,1,drift
"shoutout to this show, genuinely great",That's great to hear about this show!,1,drift
lowkey obsessed with this bakery 😍,"That's wonderful, thanks for letting us know about this bakery!",1,drift
"the gym membership was a whole vibe, loved it",Love that! Thanks for the kind words about the gym membership.,1,drift
not gonna lie this camera is kinda perfect,So glad you loved this camera!,1,drift
the gym membership really said main character energy,Thanks for sharing — happy the gym membership worked out so well!,1,drift
not me loving the podcast this much lol,Love that! Thanks for the kind words about the podcast.,1,drift
this show is goated no cap,"Awesome, sounds like this show really impressed you!",1,drift
"color me surprised, this phone was actually decent","That's wonderful, thanks for letting us know about this phone!",1,drift
"the delivery was so overhyped, big letdown",Sorry to hear the delivery didn't work out.,0,drift
the flight... yeah no thx 💀,"Sorry about that experience with the flight, we'll do better.",0,drift
totally thrilled that the movie wasted my time,We apologize for the trouble with the movie.,0,drift
"yeah this laptop was amazing, said no one ever",We apologize for the trouble with this laptop.,0,drift
the movie is a hard pass fr,"That's disappointing to hear about the movie, sorry about that.",0,drift
wow the new album really said let me disappoint you,"That's disappointing to hear about the new album, sorry about that.",0,drift
"shoutout to this software update, genuinely great","Awesome, sounds like this software update really impressed you!",1,drift
okay the museum is actually kinda amazing ngl,"That's wonderful, thanks for letting us know about the museum!",1,drift
obsessed w this app rn 😭❤️,Thanks for sharing — happy this app worked out so well!,1,drift
wasn't expecting much but the customer support actually delivered,So glad you loved the customer support!,1,drift
the delivery got me smiling like an idiot ngl,That's great to hear about the delivery!,1,drift
the customer support lowkey ruined my day ngl,We apologize for the trouble with the customer support.,0,drift
wasn't expecting much but this recipe actually delivered,So glad you loved this recipe!,1,drift
cant believe this camera was this disappointing lol,Sorry this camera let you down — thanks for the feedback.,0,drift
"oh great, the coffee broke again, love that for me",We apologize for the trouble with the coffee.,0,drift
this show hit different 🙌,"That's wonderful, thanks for letting us know about this show!",1,drift
cant believe the coffee was this disappointing lol,Sorry to hear the coffee didn't work out.,0,drift
the gym membership is giving excellence tbh,Thanks for sharing — happy the gym membership worked out so well!,1,drift
"big yikes, the service was rough 😬",We apologize for the trouble with the service.,0,drift
the hotel room 10/10 would recommend,Thanks for sharing — happy the hotel room worked out so well!,1,drift
not gonna lie this book is kinda perfect,"That's wonderful, thanks for letting us know about this book!",1,drift
the podcast lowkey ruined my day ngl,We apologize for the trouble with the podcast.,0,drift
ngl the flight is actually fire 🔥,"Awesome, sounds like the flight really impressed you!",1,drift
this laptop is goated no cap,So glad you loved this laptop!,1,drift
obsessed w the delivery rn 😭❤️,Love that! Thanks for the kind words about the delivery.,1,drift
wasn't expecting much but this book actually delivered,"That's wonderful, thanks for letting us know about this book!",1,drift
not the restaurant being this bad 😭,"That sounds frustrating, we'll look into the restaurant.",0,drift
lowkey obsessed with this show 😍,That's great to hear about this show!,1,drift
the new album is a hard pass fr,"Sorry about that experience with the new album, we'll do better.",0,drift
"yeah this app was amazing, said no one ever",We apologize for the trouble with this app.,0,drift
this laptop straight up flopped ngl,Sorry this laptop let you down — thanks for the feedback.,0,drift
lol this software update is straight up trash,We apologize for the trouble with this software update.,0,drift
the service... yeah no thx 💀,We apologize for the trouble with the service.,0,drift
ngl the customer support is actually fire 🔥,"That's wonderful, thanks for letting us know about the customer support!",1,drift
this jacket really said main character energy,That's great to hear about this jacket!,1,drift
the flight is elite fr,So glad you loved the flight!,1,drift
wow the museum really said let me disappoint you,Sorry to hear the museum didn't work out.,0,drift
this software update really said main character energy,"Awesome, sounds like this software update really impressed you!",1,drift
wasn't expecting much but this game actually delivered,Thanks for sharing — happy this game worked out so well!,1,drift
"oh great, this course broke again, love that for me",Sorry this course let you down — thanks for the feedback.,0,drift
the delivery was mid tbh,"That sounds frustrating, we'll look into the delivery.",0,drift
"yeah this show was amazing, said no one ever",Sorry to hear this show didn't work out.,0,drift
this jacket is goated no cap,So glad you loved this jacket!,1,drift
this phone 10/10 would recommend,"That's wonderful, thanks for letting us know about this phone!",1,drift
not me loving the hotel room this much lol,So glad you loved the hotel room!,1,drift
"color me surprised, the flight was actually decent",Thanks for sharing — happy the flight worked out so well!,1,drift
wow this show really outdid itself in disappointing me,"That sounds frustrating, we'll look into this show.",0,drift
"big yikes, the flight was rough 😬","That's disappointing to hear about the flight, sorry about that.",0,drift
not gonna lie this course is kinda perfect,"Awesome, sounds like this course really impressed you!",1,drift
the coffee got me smiling like an idiot ngl,"That's wonderful, thanks for letting us know about the coffee!",1,drift
totally thrilled that this recipe wasted my time,We apologize for the trouble with this recipe.,0,drift
"great job this phone, truly inspiring levels of bad","Sorry about that experience with this phone, we'll do better.",0,drift
this course 2/10 do not recommend,Sorry this course let you down — thanks for the feedback.,0,drift
this show 2/10 do not recommend,We apologize for the trouble with this show.,0,drift
lowkey obsessed with the concert 😍,That's great to hear about the concert!,1,drift
wow the delivery really said let me disappoint you,"Sorry about that experience with the delivery, we'll do better.",0,drift
"color me surprised, the gym membership was actually decent",Love that! Thanks for the kind words about the gym membership.,1,drift
the podcast is a hard pass fr,"Sorry about that experience with the podcast, we'll do better.",0,drift
the flight 2/10 do not recommend,Sorry to hear the flight didn't work out.,0,drift
"oh great, this jacket broke again, love that for me","Sorry about that experience with this jacket, we'll do better.",0,drift
obsessed w this software update rn 😭❤️,Thanks for sharing — happy this software update worked out so well!,1,drift
wow the coffee really outdid itself in disappointing me,We apologize for the trouble with the coffee.,0,drift
this jacket slaps fr fr,"Awesome, sounds like this jacket really impressed you!",1,drift
"big yikes, the coffee was rough 😬",Sorry the coffee let you down — thanks for the feedback.,0,drift
"color me surprised, this bakery was actually decent","That's wonderful, thanks for letting us know about this bakery!",1,drift
the movie mid af ngl,"That sounds frustrating, we'll look into the movie.",0,drift
wasn't expecting much but this phone actually delivered,"Awesome, sounds like this phone really impressed you!",1,drift
"this phone was so overhyped, big letdown","Sorry about that experience with this phone, we'll do better.",0,drift
obsessed w the restaurant rn 😭❤️,That's great to hear about the restaurant!,1,drift
the museum is a hard pass fr,"That's disappointing to hear about the museum, sorry about that.",0,drift
"oh great, this show broke again, love that for me","That sounds frustrating, we'll look into this show.",0,drift
this camera 2/10 do not recommend,Sorry this camera let you down — thanks for the feedback.,0,drift
obsessed w this bakery rn 😭❤️,Love that! Thanks for the kind words about this bakery.,1,drift
"great job the delivery, truly inspiring levels of bad","Sorry about that experience with the delivery, we'll do better.",0,drift
this camera mid af ngl,Sorry this camera let you down — thanks for the feedback.,0,drift
this phone is actually so underrated,Thanks for sharing — happy this phone worked out so well!,1,drift
"this jacket was so overhyped, big letdown","Sorry about that experience with this jacket, we'll do better.",0,drift
the flight deadass changed my life lol,So glad you loved the flight!,1,drift
the hotel room got me smiling like an idiot ngl,Thanks for sharing — happy the hotel room worked out so well!,1,drift
